Age,DailyRate,DistanceFromHome,Education,EnvironmentSatisfaction,HourlyRate,JobInvolvement,JobLevel,JobSatisfaction,MonthlyIncome,MonthlyRate,NumCompaniesWorked,PercentSalaryHike,PerformanceRating,RelationshipSatisfaction,StockOptionLevel,TotalWorkingYears,TrainingTimesLastYear,WorkLifeBalance,YearsAtCompany,YearsInCurrentRole,YearsSinceLastPromotion,YearsWithCurrManager,IncomePerYearWorked,TenureRatio,ManagerStability,BusinessTravel_Travel_Frequently,BusinessTravel_Travel_Rarely,Department_Research & Development,Department_Sales,EducationField_Life Sciences,EducationField_Marketing,EducationField_Medical,EducationField_Other,EducationField_Technical Degree,Gender_Male,JobRole_Human Resources,JobRole_Laboratory Technician,JobRole_Manager,JobRole_Manufacturing Director,JobRole_Research Director,JobRole_Research Scientist,JobRole_Sales Executive,JobRole_Sales Representative,MaritalStatus_Married,MaritalStatus_Single,OverTime_Yes
47,1225,2,4,2,47,4,4,2,15972,21086,6,14,3,3,3,29,2,3,3,2,1,2,532.4,0.1,0.5,0,1,0,1,1,0,0,0,0,0,0,0,1,0,0,0,0,0,0,0,0
22,594,2,1,3,100,3,1,4,2523,19299,0,14,3,3,1,3,2,3,2,1,2,1,630.75,0.5,0.3333333333333333,0,1,1,0,0,0,0,0,1,1,0,1,0,0,0,0,0,0,1,0,0
46,406,3,1,1,52,3,4,3,17465,15596,3,12,3,4,1,23,3,3,12,9,4,9,727.7083333333334,0.5,0.6923076923076923,0,1,0,1,0,1,0,0,0,1,0,0,1,0,0,0,0,0,1,0,0
25,622,13,1,2,40,3,1,3,2096,26376,1,11,3,3,0,7,1,3,7,4,0,6,262.0,0.875,0.75,0,1,0,1,0,0,1,0,0,1,0,0,0,0,0,0,0,1,1,0,0
43,1001,9,5,4,72,3,2,3,5679,19627,3,13,3,2,1,10,3,3,8,7,4,7,516.2727272727273,0.7272727272727273,0.7777777777777778,1,0,1,0,0,0,1,0,0,1,0,1,0,0,0,0,0,0,0,0,1
28,1157,2,4,1,84,1,1,4,3464,24737,5,13,3,4,0,5,4,2,3,2,2,2,577.3333333333334,0.5,0.5,0,1,1,0,0,0,1,0,0,1,0,0,0,0,0,1,0,0,1,0,1
51,833,1,3,3,96,3,1,4,2723,23231,1,11,3,2,0,1,0,2,1,0,0,0,1361.5,0.5,0.0,0,1,1,0,1,0,0,0,0,1,0,0,0,0,0,1,0,0,1,0,0
43,1082,27,3,3,83,3,3,1,10820,11535,8,11,3,3,1,18,1,3,8,7,0,1,569.4736842105264,0.42105263157894735,0.1111111111111111,1,0,1,0,1,0,0,0,0,0,0,0,0,1,0,0,0,0,1,0,0
40,118,14,2,4,84,3,2,1,4639,11262,1,15,3,3,1,5,2,3,5,4,1,2,773.1666666666666,0.8333333333333334,0.3333333333333333,0,1,0,1,1,0,0,0,0,0,0,0,0,0,0,0,1,0,1,0,0
27,205,10,3,4,98,2,2,4,5769,7100,1,11,3,4,0,6,3,3,6,2,4,4,824.1428571428571,0.8571428571428571,0.5714285714285714,0,1,0,1,0,1,0,0,0,0,0,0,0,0,0,0,1,0,1,0,1
36,1218,9,4,3,82,2,1,1,3407,6986,7,23,4,2,0,10,4,3,5,3,0,3,309.72727272727275,0.45454545454545453,0.5,0,1,0,1,1,0,0,0,0,1,0,0,0,0,0,0,0,1,0,1,0
29,694,1,3,4,87,2,4,4,16124,3423,3,14,3,2,2,9,2,2,7,7,1,7,1612.4,0.7,0.875,0,1,1,0,1,0,0,0,0,0,0,0,0,0,1,0,0,0,0,0,0
45,549,8,4,4,75,3,2,4,3697,9278,9,14,3,1,2,12,3,3,10,9,9,8,284.38461538461536,0.7692307692307693,0.7272727272727273,0,1,1,0,0,0,0,1,0,1,0,0,0,0,0,1,0,0,1,0,0
23,507,20,1,1,97,3,2,3,2272,24812,0,14,3,2,0,5,2,3,4,3,1,2,378.6666666666667,0.6666666666666666,0.4,0,1,1,0,1,0,0,0,0,1,0,1,0,0,0,0,0,0,0,1,0
34,669,1,3,4,97,2,2,1,5343,25755,0,20,4,3,0,14,3,3,13,9,4,9,356.2,0.8666666666666667,0.6428571428571429,1,0,1,0,0,0,1,0,0,1,0,0,0,0,0,0,0,0,0,1,0
19,303,2,3,2,47,2,1,4,1102,9241,1,22,4,3,0,1,3,2,1,0,1,0,551.0,0.5,0.0,0,1,1,0,1,0,0,0,0,1,0,1,0,0,0,0,0,0,0,1,0
44,621,15,3,1,73,3,3,4,7978,14075,1,11,3,4,1,10,2,3,10,7,0,5,725.2727272727273,0.9090909090909091,0.45454545454545453,0,1,1,0,0,0,1,0,0,0,0,0,0,0,0,0,0,0,1,0,0
47,1169,14,4,3,64,3,2,2,5467,2125,8,18,3,3,1,16,4,4,8,7,1,7,321.5882352941176,0.47058823529411764,0.7777777777777778,0,0,1,0,0,0,0,0,1,1,0,0,0,0,0,1,0,0,1,0,0
31,218,7,3,2,100,4,2,4,6929,12241,4,11,3,2,1,10,3,2,8,7,7,7,629.9090909090909,0.7272727272727273,0.7777777777777778,0,1,0,1,0,0,0,0,1,1,0,0,0,0,0,0,1,0,1,0,0
46,638,1,3,3,40,2,3,1,10673,3142,2,13,3,3,1,21,5,2,10,9,9,5,485.1363636363636,0.45454545454545453,0.45454545454545453,1,0,1,0,0,0,1,0,0,1,0,0,0,0,0,0,0,0,1,0,1
33,117,9,3,1,60,3,1,4,2781,6311,0,13,3,2,1,15,5,3,14,10,4,10,173.8125,0.875,0.6666666666666666,0,1,1,0,0,0,1,0,0,1,0,0,0,0,0,1,0,0,1,0,0
38,702,1,4,1,59,2,2,4,8686,12930,4,22,4,3,0,12,2,4,8,3,0,7,668.1538461538462,0.6153846153846154,0.7777777777777778,0,1,0,1,1,0,0,0,0,0,0,0,0,0,0,0,1,0,0,1,0
36,1396,5,2,4,62,3,2,2,5914,9945,8,16,3,4,0,16,3,4,13,11,3,7,347.88235294117646,0.7647058823529411,0.5,0,1,1,0,1,0,0,0,0,1,0,1,0,0,0,0,0,0,0,1,0
46,991,1,2,4,44,3,1,1,3423,22957,6,12,3,3,0,10,3,4,7,6,5,7,311.1818181818182,0.6363636363636364,0.875,0,1,0,0,1,0,0,0,0,0,1,0,0,0,0,0,0,0,0,1,0
41,447,5,3,2,85,4,2,2,6870,15530,3,12,3,1,0,11,3,1,3,2,1,2,572.5,0.25,0.5,0,1,1,0,1,0,0,0,0,1,0,0,0,0,0,0,0,0,0,1,0
20,654,21,3,3,43,4,1,4,2678,5050,1,17,3,4,0,2,2,3,2,1,2,2,892.6666666666666,0.6666666666666666,0.6666666666666666,0,1,0,1,0,1,0,0,0,1,0,0,0,0,0,0,0,1,0,1,0
31,1003,5,3,1,51,3,2,3,8346,20943,1,19,3,3,1,6,3,3,5,2,0,2,1192.2857142857142,0.7142857142857143,0.3333333333333333,0,1,0,1,0,0,0,0,1,1,0,0,0,0,0,0,1,0,1,0,0
31,976,3,2,3,48,3,1,1,3065,3995,1,13,3,4,1,4,3,4,4,2,2,3,613.0,0.8,0.6,0,0,1,0,0,0,1,0,0,1,0,0,0,0,0,1,0,0,0,0,1
46,1402,2,3,3,69,3,4,1,17048,24097,8,23,4,1,0,28,2,3,26,15,15,9,587.8620689655172,0.896551724137931,0.3333333333333333,0,1,0,1,0,1,0,0,0,0,0,0,1,0,0,0,0,0,1,0,0
53,1070,3,4,3,45,3,4,3,17584,21016,3,16,3,4,3,21,5,2,5,3,1,3,799.2727272727273,0.22727272727272727,0.5,0,1,1,0,0,0,1,0,0,1,0,0,0,0,1,0,0,0,1,0,1
24,350,21,2,3,57,2,1,1,2296,10036,0,14,3,2,3,2,3,3,1,1,0,0,765.3333333333334,0.3333333333333333,0.0,0,1,1,0,0,0,0,0,1,1,0,1,0,0,0,0,0,0,0,0,0
52,1325,11,4,4,82,3,2,3,3149,21821,8,20,4,2,1,9,3,3,5,2,1,4,314.9,0.5,0.6666666666666666,0,1,1,0,1,0,0,0,0,0,0,1,0,0,0,0,0,0,1,0,0
36,1480,3,2,4,30,3,1,2,2088,15062,4,12,3,3,0,13,3,2,8,7,7,2,149.14285714285714,0.5714285714285714,0.2222222222222222,1,0,1,0,0,0,1,0,0,1,0,1,0,0,0,0,0,0,0,1,0
29,1378,13,2,4,46,2,2,2,4025,23679,4,13,3,1,1,10,2,3,4,3,0,3,365.90909090909093,0.36363636363636365,0.6,0,1,1,0,0,0,0,1,0,1,0,1,0,0,0,0,0,0,1,0,1
28,1300,17,2,3,79,3,2,1,4558,13535,1,12,3,4,1,10,2,3,10,0,1,8,414.3636363636364,0.9090909090909091,0.7272727272727273,0,1,1,0,0,0,1,0,0,1,0,1,0,0,0,0,0,0,0,0,0
42,300,2,3,1,56,3,5,3,18880,17312,5,11,3,1,0,24,2,2,22,6,4,14,755.2,0.88,0.6086956521739131,0,1,1,0,1,0,0,0,0,1,0,0,1,0,0,0,0,0,1,0,0
21,501,5,1,3,58,3,1,1,2380,25479,1,11,3,4,0,2,6,3,2,2,1,2,793.3333333333334,0.6666666666666666,0.6666666666666666,0,1,0,1,0,0,1,0,0,1,0,0,0,0,0,0,0,1,0,1,1
52,723,8,4,3,85,2,2,2,4941,17747,2,15,3,1,0,11,3,2,8,2,7,7,411.75,0.6666666666666666,0.7777777777777778,0,1,1,0,0,0,1,0,0,1,0,0,0,0,0,1,0,0,1,0,0
22,604,6,1,1,69,3,1,3,2773,12145,0,20,4,4,0,3,3,3,2,2,2,2,693.25,0.5,0.6666666666666666,0,1,1,0,0,0,1,0,0,1,0,0,0,0,0,1,0,0,1,0,0
34,697,3,4,3,40,2,1,4,2979,22478,3,17,3,4,3,6,2,3,0,0,0,0,425.57142857142856,0.0,0.0,0,0,1,0,1,0,0,0,0,1,0,0,0,0,0,1,0,0,1,0,0
36,329,16,4,3,98,2,2,1,5647,13494,4,13,3,1,2,11,3,2,3,2,0,2,470.5833333333333,0.25,0.5,0,1,0,1,0,1,0,0,0,0,0,0,0,0,0,0,1,0,1,0,0
33,1277,15,1,2,56,3,3,3,13610,24619,7,12,3,4,0,15,2,4,7,6,7,7,850.625,0.4375,0.875,0,1,1,0,0,0,1,0,0,1,0,0,1,0,0,0,0,0,1,0,1
22,1230,1,2,4,33,2,2,4,4775,19146,6,22,4,1,2,4,2,1,2,2,2,2,955.0,0.4,0.6666666666666666,0,1,1,0,1,0,0,0,0,1,0,0,0,1,0,0,0,0,1,0,0
56,718,4,4,4,92,3,5,1,19943,18575,4,13,3,4,1,28,2,3,5,2,4,2,687.6896551724138,0.1724137931034483,0.3333333333333333,0,1,1,0,0,0,0,0,1,0,0,0,1,0,0,0,0,0,0,0,0
29,1329,7,3,3,82,3,2,4,6623,4204,1,11,3,2,2,6,2,3,6,0,1,0,946.1428571428571,0.8571428571428571,0.0,0,1,1,0,1,0,0,0,0,1,0,0,0,0,0,0,0,0,0,0,1
36,884,1,4,2,73,3,2,3,6815,21447,6,13,3,1,0,15,5,3,1,0,0,0,425.9375,0.0625,0.0,0,1,0,1,1,0,0,0,0,0,0,0,0,0,0,0,1,0,0,1,0
34,1239,13,4,4,39,3,3,3,8628,22914,1,18,3,3,1,9,2,2,8,7,1,1,862.8,0.8,0.1111111111111111,0,1,0,1,0,0,1,0,0,1,0,0,0,0,0,0,1,0,0,0,0
34,665,6,4,1,41,3,2,3,4809,12482,1,14,3,3,0,16,3,3,16,13,2,10,282.88235294117646,0.9411764705882353,0.5882352941176471,0,1,1,0,0,0,0,1,0,0,0,0,0,0,0,1,0,0,0,1,0
50,989,7,2,2,43,2,5,3,18740,16701,5,12,3,4,1,29,2,2,27,3,13,8,624.6666666666666,0.9,0.2857142857142857,0,1,1,0,0,0,1,0,0,0,0,0,0,0,1,0,0,0,0,0,1
38,903,2,3,3,81,3,2,2,4855,7653,4,11,3,1,2,7,2,3,5,2,1,4,606.875,0.625,0.6666666666666666,0,1,1,0,0,0,1,0,0,1,0,0,0,1,0,0,0,0,1,0,0
30,740,1,3,2,64,2,2,1,9714,5323,1,11,3,4,1,10,4,3,10,8,6,7,883.0909090909091,0.9090909090909091,0.6363636363636364,0,1,0,1,1,0,0,0,0,1,0,0,0,0,0,0,1,0,1,0,0
44,1099,5,3,2,88,3,5,2,18213,8751,7,11,3,3,1,26,5,3,22,9,3,10,674.5555555555555,0.8148148148148148,0.43478260869565216,0,1,0,1,0,1,0,0,0,1,0,0,1,0,0,0,0,0,1,0,0
48,365,4,5,3,89,2,4,4,15202,5602,2,25,4,2,1,23,3,3,2,2,2,2,633.4166666666666,0.08333333333333333,0.6666666666666666,1,0,1,0,0,0,1,0,0,1,0,0,1,0,0,0,0,0,1,0,0
58,1145,9,3,2,75,2,1,2,3346,11873,4,20,4,2,1,9,3,2,1,0,0,0,334.6,0.1,0.0,0,1,1,0,0,0,1,0,0,0,0,0,0,0,0,1,0,0,1,0,1
29,746,2,3,4,61,3,2,3,4649,16928,1,14,3,1,1,4,3,2,4,3,0,2,929.8,0.8,0.4,0,0,0,1,1,0,0,0,0,1,0,0,0,0,0,0,1,0,1,0,0
34,258,21,4,4,74,4,2,4,5337,19921,1,12,3,4,0,10,3,3,10,7,5,7,485.1818181818182,0.9090909090909091,0.6363636363636364,0,1,0,1,1,0,0,0,0,1,0,0,0,0,0,0,1,0,0,1,0
27,1277,8,5,1,87,1,1,3,4621,5869,1,19,3,4,3,3,4,3,3,2,1,2,1155.25,0.75,0.5,0,0,1,0,1,0,0,0,0,1,0,1,0,0,0,0,0,0,1,0,0
42,462,14,2,3,68,2,2,3,6244,7824,7,17,3,1,0,10,6,3,5,4,0,3,567.6363636363636,0.45454545454545453,0.5,0,1,0,1,0,0,1,0,0,0,0,0,0,0,0,0,1,0,0,1,0
41,1200,22,3,4,75,3,2,4,5467,13953,3,14,3,1,2,12,4,2,6,2,3,3,420.53846153846155,0.46153846153846156,0.42857142857142855,1,0,1,0,1,0,0,0,0,0,0,0,0,0,0,1,0,0,0,0,1
37,1189,3,3,3,87,3,3,4,7428,14506,2,12,3,1,0,12,3,3,5,3,1,3,571.3846153846154,0.38461538461538464,0.5,0,1,0,1,1,0,0,0,0,1,0,0,0,0,0,0,1,0,0,1,0
25,1219,4,1,4,32,3,1,4,3691,4605,1,15,3,2,1,7,3,4,7,7,5,6,461.375,0.875,0.75,0,1,1,0,0,0,0,0,1,1,0,1,0,0,0,0,0,0,1,0,1
33,1146,25,3,2,82,3,2,3,4539,4905,1,12,3,1,1,10,3,2,10,7,0,1,412.6363636363636,0.9090909090909091,0.09090909090909091,1,0,0,1,0,0,1,0,0,0,0,0,0,0,0,0,1,0,1,0,0
32,1093,6,4,2,87,3,2,3,5010,24301,1,16,3,1,0,12,0,3,11,8,5,7,385.38461538461536,0.8461538461538461,0.5833333333333334,0,1,0,1,0,0,1,0,0,1,0,0,0,0,0,0,1,0,0,1,0
36,852,5,4,2,82,2,1,1,3419,13072,9,14,3,4,1,6,3,4,1,1,0,0,488.42857142857144,0.14285714285714285,0.0,0,1,1,0,1,0,0,0,0,0,0,0,0,0,0,1,0,0,1,0,1
26,1449,16,4,1,45,3,1,2,2373,14180,2,13,3,4,1,5,2,3,3,2,0,2,395.5,0.5,0.5,0,1,1,0,0,0,1,0,0,1,0,1,0,0,0,0,0,0,0,0,1
40,884,15,3,1,80,2,3,3,10435,25800,1,13,3,4,2,18,2,3,18,15,14,12,549.2105263157895,0.9473684210526315,0.631578947368421,0,1,1,0,1,0,0,0,0,0,0,0,0,1,0,0,0,0,1,0,0
39,945,22,3,4,82,3,3,1,10880,5083,1,13,3,3,0,21,2,3,21,6,2,8,494.54545454545456,0.9545454545454546,0.36363636363636365,1,0,1,0,0,0,1,0,0,0,0,0,0,1,0,0,0,0,0,1,1
48,1262,1,4,1,35,4,4,4,16885,16154,2,22,4,3,0,27,3,2,5,4,2,1,603.0357142857143,0.17857142857142858,0.16666666666666666,0,0,1,0,0,0,1,0,0,1,0,0,1,0,0,0,0,0,0,1,0
32,300,1,3,4,61,3,1,4,2314,9148,0,12,3,2,1,4,2,3,3,0,0,2,462.8,0.6,0.5,0,0,1,0,1,0,0,0,0,1,0,1,0,0,0,0,0,0,0,0,0
43,930,6,3,1,73,2,2,3,4081,20003,1,14,3,1,0,20,3,1,20,7,1,8,194.33333333333334,0.9523809523809523,0.38095238095238093,0,1,1,0,0,0,1,0,0,0,0,0,0,0,0,1,0,0,0,1,1
39,203,2,3,1,84,3,4,4,12169,13547,7,11,3,4,3,21,4,3,18,7,11,5,553.1363636363636,0.8181818181818182,0.2631578947368421,1,0,1,0,1,0,0,0,0,1,0,0,0,0,0,0,0,0,0,0,0
20,871,6,3,4,66,2,1,4,2926,19783,1,18,3,2,0,1,5,3,1,0,1,0,1463.0,0.5,0.0,1,0,1,0,1,0,0,0,0,0,0,1,0,0,0,0,0,0,0,1,1
39,895,5,3,4,56,3,2,4,2086,3335,3,14,3,3,1,19,6,4,1,0,0,0,104.3,0.05,0.0,0,1,0,1,0,0,0,0,1,1,0,0,0,0,0,0,0,1,1,0,0
34,1320,20,3,3,89,4,1,3,2585,21643,0,17,3,4,0,2,5,2,1,0,0,0,861.6666666666666,0.3333333333333333,0.0,0,1,1,0,0,0,0,0,1,0,0,0,0,0,0,1,0,0,1,0,0
38,240,2,4,1,75,4,2,1,5980,26085,6,12,3,4,0,17,2,3,15,7,4,12,332.22222222222223,0.8333333333333334,0.75,1,0,1,0,1,0,0,0,0,0,0,0,0,1,0,0,0,0,0,1,1
28,760,2,4,2,81,3,2,2,4779,3698,1,20,4,1,0,8,2,3,8,7,7,5,531.0,0.8888888888888888,0.5555555555555556,0,1,0,1,0,1,0,0,0,0,0,0,0,0,0,0,1,0,1,0,1
28,1404,17,3,3,32,2,1,4,2367,18779,5,12,3,1,1,6,2,2,4,1,0,3,338.14285714285717,0.5714285714285714,0.6,0,1,1,0,0,0,0,0,1,1,0,1,0,0,0,0,0,0,0,0,0
45,1050,9,4,2,65,2,2,3,5593,17970,1,13,3,4,1,15,2,3,15,10,4,12,349.5625,0.9375,0.75,0,0,0,1,1,0,0,0,0,0,0,0,0,0,0,0,1,0,1,0,0
26,1283,1,3,3,52,2,2,1,4294,11148,1,12,3,2,0,7,2,3,7,7,0,7,536.75,0.875,0.875,1,0,0,1,0,0,1,0,0,1,0,0,0,0,0,0,1,0,0,1,0
36,429,2,4,3,53,3,2,2,5410,2323,9,11,3,4,0,18,2,3,16,14,5,12,284.7368421052632,0.8421052631578947,0.7058823529411765,0,1,1,0,1,0,0,0,0,0,0,0,0,1,0,0,0,0,0,1,1
48,817,2,1,2,56,4,2,2,8120,18597,3,12,3,4,0,12,3,3,2,2,2,2,624.6153846153846,0.15384615384615385,0.6666666666666666,0,1,0,1,0,1,0,0,0,1,0,0,0,0,0,0,1,0,1,0,0
43,1473,8,4,3,74,3,2,3,4522,2227,4,14,3,4,0,8,3,3,5,2,0,2,502.44444444444446,0.5555555555555556,0.3333333333333333,0,1,1,0,0,0,0,1,0,0,0,0,0,0,0,0,0,0,0,0,1
31,1079,10,2,3,86,3,2,4,6583,20115,2,11,3,4,1,8,2,3,5,2,1,4,731.4444444444445,0.5555555555555556,0.6666666666666666,0,1,0,1,0,0,1,0,0,0,0,0,0,0,0,0,1,0,0,0,1
34,735,22,4,3,86,2,2,4,5747,26496,1,15,3,2,0,16,3,3,15,10,6,11,338.05882352941177,0.8823529411764706,0.6875,1,0,1,0,0,0,0,1,0,1,0,0,0,0,0,1,0,0,1,0,1
47,465,1,3,1,74,3,1,4,3420,10205,7,12,3,3,1,17,2,2,6,5,1,2,190.0,0.3333333333333333,0.2857142857142857,0,1,1,0,0,0,0,0,1,1,0,0,0,0,0,1,0,0,1,0,0
34,285,29,3,2,86,3,2,3,5429,17491,4,13,3,1,2,10,1,3,8,7,7,7,493.54545454545456,0.7272727272727273,0.7777777777777778,0,1,1,0,0,0,1,0,0,1,0,1,0,0,0,0,0,0,1,0,0
35,890,2,3,4,97,3,1,4,2014,9687,1,13,3,1,0,2,3,3,2,2,2,2,671.3333333333334,0.6666666666666666,0.6666666666666666,0,1,0,1,0,1,0,0,0,0,0,0,0,0,0,0,0,1,1,0,0
38,1084,29,3,4,54,3,2,4,6261,4185,3,18,3,1,1,9,3,1,7,7,1,7,626.1,0.7,0.875,0,1,1,0,0,0,0,0,1,1,0,0,0,1,0,0,0,0,1,0,0
23,373,1,2,4,47,3,1,3,1223,16901,1,22,4,4,1,1,2,3,1,0,0,1,611.5,0.5,0.5,0,1,1,0,1,0,0,0,0,1,0,0,0,0,0,1,0,0,1,0,0
44,920,24,3,4,43,3,1,3,3161,19920,3,22,4,4,1,19,0,1,1,0,0,0,158.05,0.05,0.0,1,0,1,0,1,0,0,0,0,1,0,1,0,0,0,0,0,0,0,0,1
29,468,28,4,4,73,2,1,1,3785,8489,1,14,3,2,0,5,3,1,5,4,0,4,630.8333333333334,0.8333333333333334,0.6666666666666666,0,1,1,0,0,0,1,0,0,0,0,0,0,0,0,1,0,0,0,1,0
34,971,1,3,4,64,2,3,3,7083,12288,1,14,3,4,0,10,3,3,10,9,8,6,643.9090909090909,0.9090909090909091,0.5454545454545454,0,1,0,1,0,0,0,0,1,1,0,0,0,0,0,0,1,0,1,0,1
36,1105,24,4,2,47,3,2,2,5674,6927,7,15,3,3,1,11,3,3,9,8,0,8,472.8333333333333,0.75,0.8,0,0,1,0,1,0,0,0,0,0,0,1,0,0,0,0,0,0,1,0,0
55,177,8,1,4,37,2,4,2,13577,25592,1,15,3,4,1,34,3,3,33,9,15,0,387.9142857142857,0.9428571428571428,0.0,0,0,1,0,0,0,1,0,0,1,0,0,0,0,0,0,0,0,0,0,1
43,589,14,2,2,94,3,4,1,17159,5200,6,24,4,3,1,22,3,3,4,1,1,0,746.0434782608696,0.17391304347826086,0.0,0,1,1,0,1,0,0,0,0,1,0,0,0,0,1,0,0,0,1,0,0
32,1316,2,2,4,38,3,2,3,4998,2338,4,14,3,4,0,10,2,3,8,7,0,7,454.3636363636364,0.7272727272727273,0.7777777777777778,1,0,1,0,1,0,0,0,0,0,0,0,0,0,0,1,0,0,0,1,1
32,1318,10,4,4,79,3,2,4,4648,26075,8,13,3,3,0,4,2,4,0,0,0,0,929.6,0.0,0.0,1,0,0,1,0,1,0,0,0,1,0,0,0,0,0,0,1,0,0,1,0
25,883,26,1,3,32,3,2,4,6180,22807,1,23,4,2,0,6,5,2,6,5,1,4,882.8571428571429,0.8571428571428571,0.5714285714285714,0,1,0,1,0,0,1,0,0,0,0,0,0,0,0,0,1,0,0,1,0
37,674,13,3,1,47,3,2,4,4285,3031,1,17,3,1,0,10,2,3,10,8,3,7,389.54545454545456,0.9090909090909091,0.6363636363636364,0,1,1,0,0,0,1,0,0,1,0,0,0,0,0,1,0,0,1,0,0
45,954,2,2,2,46,1,2,3,6632,12388,0,13,3,1,0,9,3,3,8,7,3,1,663.2,0.8,0.1111111111111111,0,1,0,1,0,0,0,0,1,1,0,0,0,0,0,0,0,1,0,1,0
33,1198,1,4,3,100,2,1,1,2799,3339,3,11,3,2,0,6,1,3,3,2,0,2,399.85714285714283,0.42857142857142855,0.5,0,1,1,0,0,0,0,1,0,1,0,0,0,0,0,1,0,0,0,1,1
31,471,4,3,1,62,4,1,3,3978,16031,8,12,3,2,1,4,0,2,2,2,2,2,795.6,0.4,0.6666666666666666,0,1,1,0,0,0,1,0,0,0,0,1,0,0,0,0,0,0,0,0,0
26,775,29,2,1,45,3,2,3,4306,4267,5,12,3,1,2,8,5,3,0,0,0,0,478.44444444444446,0.0,0.0,0,1,0,1,0,0,1,0,0,1,0,0,0,0,0,0,1,0,0,0,0
46,849,26,2,2,98,2,2,2,7991,25166,8,15,3,3,0,6,3,3,2,2,2,2,1141.5714285714287,0.2857142857142857,0.6666666666666666,0,0,0,1,1,0,0,0,0,1,0,0,0,0,0,0,1,0,0,1,0
29,408,23,1,4,45,2,3,1,7336,11162,1,13,3,1,1,11,3,1,11,8,3,10,611.3333333333334,0.9166666666666666,0.8333333333333334,0,1,0,1,1,0,0,0,0,0,0,0,0,0,0,0,1,0,1,0,0
21,391,15,2,3,96,3,1,4,1232,19281,1,14,3,4,0,0,6,3,0,0,0,0,1232.0,0.0,0.0,0,1,1,0,1,0,0,0,0,1,0,0,0,0,0,1,0,0,0,1,0
52,266,2,1,1,57,1,5,4,19845,25846,1,15,3,4,1,33,3,3,32,14,6,9,583.6764705882352,0.9411764705882353,0.2727272727272727,0,1,0,1,0,1,0,0,0,0,0,0,1,0,0,0,0,0,1,0,0
37,1017,1,2,3,83,2,1,1,3920,18697,2,14,3,1,1,17,2,2,3,1,0,2,217.77777777777777,0.16666666666666666,0.5,0,1,1,0,0,0,1,0,0,0,0,0,0,0,0,1,0,0,1,0,0
39,867,9,2,1,87,3,2,1,5151,12315,1,25,4,4,1,10,3,3,10,0,7,9,468.27272727272725,0.9090909090909091,0.8181818181818182,0,1,1,0,0,0,1,0,0,1,0,0,0,1,0,0,0,0,1,0,0
27,1291,11,3,3,98,4,1,4,2534,6527,8,14,3,2,1,5,4,3,1,0,0,0,422.3333333333333,0.16666666666666666,0.0,0,1,0,1,0,0,1,0,0,0,0,0,0,0,0,0,0,1,1,0,0
36,1425,14,1,3,68,3,2,4,6586,4821,0,17,3,1,1,17,2,2,16,8,4,11,365.8888888888889,0.8888888888888888,0.6470588235294118,0,1,1,0,1,0,0,0,0,1,0,0,0,0,0,0,0,0,1,0,1
49,470,20,4,3,96,3,2,1,6567,5549,1,14,3,3,0,16,2,2,15,11,5,11,386.29411764705884,0.8823529411764706,0.6875,0,1,1,0,0,0,1,0,0,0,0,0,0,1,0,0,0,0,1,0,0
45,248,23,2,4,42,3,2,1,3633,14039,1,15,3,3,1,9,2,3,9,8,0,8,363.3,0.9,0.8,0,0,1,0,1,0,0,0,0,1,0,1,0,0,0,0,0,0,1,0,1
45,1005,28,2,4,48,2,4,2,16704,17119,1,11,3,3,0,21,2,3,21,6,8,6,759.2727272727273,0.9545454545454546,0.2727272727272727,0,1,1,0,0,0,0,0,1,0,0,0,0,0,1,0,0,0,0,1,0
34,878,10,4,4,43,3,1,3,3815,5972,1,17,3,4,1,5,4,4,5,3,2,0,635.8333333333334,0.8333333333333334,0.0,1,0,1,0,0,0,1,0,0,1,0,0,0,0,0,1,0,0,0,0,1
35,219,16,2,4,44,2,2,2,4788,25388,0,11,3,4,0,4,2,3,3,2,0,2,957.6,0.6,0.5,0,1,1,0,0,0,0,1,0,0,0,0,0,1,0,0,0,0,1,0,1
33,147,2,3,2,99,3,1,3,3600,8429,1,13,3,4,1,5,2,3,5,4,1,4,600.0,0.8333333333333334,0.6666666666666666,0,1,0,0,0,0,0,0,0,1,1,0,0,0,0,0,0,0,1,0,0
32,1045,4,4,4,32,1,3,4,10400,25812,1,11,3,3,0,14,2,2,14,8,9,8,693.3333333333334,0.9333333333333333,0.5333333333333333,0,1,0,1,0,0,1,0,0,1,0,0,0,0,0,0,1,0,1,0,0
30,501,27,5,3,99,3,2,4,5304,25275,7,23,4,4,1,10,2,2,8,7,7,7,482.1818181818182,0.7272727272727273,0.7777777777777778,0,1,0,1,0,1,0,0,0,1,0,0,0,0,0,0,1,0,0,0,0
34,1442,9,3,4,46,2,3,2,8621,17654,1,14,3,2,0,9,3,4,8,7,7,7,862.1,0.8,0.7777777777777778,0,1,1,0,0,0,1,0,0,0,0,0,0,0,0,0,0,0,0,1,0
23,541,2,1,3,62,3,1,1,2322,9518,3,13,3,3,1,3,3,3,0,0,0,0,580.5,0.0,0.0,0,1,0,1,0,0,0,0,1,1,0,0,0,0,0,0,0,1,0,0,0
51,632,21,4,3,71,3,2,4,5441,8423,0,22,4,4,0,11,2,1,10,7,1,0,453.4166666666667,0.8333333333333334,0.0,0,1,0,1,0,1,0,0,0,1,0,0,0,0,0,0,1,0,0,1,1
28,791,1,4,4,44,3,1,3,2154,6842,0,11,3,3,0,5,2,2,4,2,0,2,359.0,0.6666666666666666,0.4,1,0,1,0,0,0,1,0,0,1,0,1,0,0,0,0,0,0,0,1,1
31,616,12,3,4,41,3,2,4,5855,17369,0,11,3,3,2,10,2,1,9,7,8,5,532.2727272727273,0.8181818181818182,0.5,0,1,1,0,0,0,1,0,0,0,0,0,0,0,0,0,0,0,1,0,1
27,608,1,2,3,68,3,3,1,7412,6009,1,11,3,4,0,9,3,3,9,7,0,7,741.2,0.9,0.7,0,1,1,0,1,0,0,0,0,0,0,0,0,1,0,0,0,0,1,0,0
28,1169,8,2,2,63,2,1,4,4936,23965,1,13,3,4,1,6,6,3,5,1,0,4,705.1428571428571,0.7142857142857143,0.6666666666666666,0,1,0,0,0,0,1,0,0,1,1,0,0,0,0,0,0,0,0,0,0
45,589,2,4,3,67,3,2,3,5154,19665,4,22,4,2,2,10,3,4,8,7,5,7,468.54545454545456,0.7272727272727273,0.7777777777777778,0,0,0,1,1,0,0,0,0,0,0,0,0,0,0,0,1,0,1,0,0
39,792,1,3,4,77,3,2,4,6472,8989,1,15,3,4,1,9,2,3,9,8,5,8,647.2,0.9,0.8,0,0,1,0,1,0,0,0,0,1,0,1,0,0,0,0,0,0,1,0,1
42,1271,2,1,2,35,3,1,4,2515,9068,5,14,3,4,0,8,2,3,2,1,2,2,279.44444444444446,0.2222222222222222,0.6666666666666666,1,0,1,0,0,0,1,0,0,1,0,0,0,0,0,1,0,0,0,1,1
33,508,10,3,2,46,2,2,4,4682,4317,3,14,3,3,0,9,6,2,7,7,0,1,468.2,0.7,0.125,1,0,0,1,0,1,0,0,0,1,0,0,0,0,0,0,1,0,0,1,0
36,557,3,3,1,94,2,3,4,7644,12695,0,19,3,3,2,10,2,3,9,7,3,4,694.9090909090909,0.8181818181818182,0.4,0,1,0,1,0,0,1,0,0,0,0,0,0,0,0,0,1,0,1,0,0
38,723,2,4,2,77,1,2,4,5405,4244,2,20,4,1,2,20,4,2,4,2,0,3,257.3809523809524,0.19047619047619047,0.6,0,1,0,1,0,1,0,0,0,0,0,0,0,0,0,0,0,1,1,0,1
59,715,2,3,3,69,2,4,4,13726,21829,3,13,3,1,0,30,4,3,5,3,4,3,442.7741935483871,0.16129032258064516,0.5,0,1,1,0,1,0,0,0,0,0,0,0,0,1,0,0,0,0,0,1,1
29,1247,20,2,4,45,3,2,4,6931,10732,2,14,3,4,1,10,2,3,3,2,0,2,630.0909090909091,0.2727272727272727,0.5,0,1,0,1,0,1,0,0,0,1,0,0,0,0,0,0,1,0,0,0,0
49,1064,2,1,2,42,3,5,4,19161,13738,3,15,3,4,0,28,3,3,5,4,4,3,660.7241379310345,0.1724137931034483,0.5,1,0,1,0,1,0,0,0,0,1,0,0,0,0,1,0,0,0,1,0,0
50,145,1,3,4,95,3,2,3,6347,24920,0,12,3,1,1,19,3,3,18,7,0,13,317.35,0.9,0.6842105263157895,0,0,0,1,1,0,0,0,0,0,0,0,0,0,0,0,1,0,1,0,0
27,210,1,1,3,73,3,2,2,6349,22107,0,13,3,4,1,6,0,3,5,4,1,4,907.0,0.7142857142857143,0.6666666666666666,0,0,0,1,0,1,0,0,0,1,0,0,0,0,0,0,1,0,1,0,1
42,355,10,4,3,38,3,1,3,2936,6161,3,22,4,2,2,10,1,2,6,3,3,3,266.90909090909093,0.5454545454545454,0.42857142857142855,0,0,1,0,0,0,0,0,1,1,0,0,0,0,0,1,0,0,1,0,0
37,408,19,2,2,73,3,1,2,3022,10227,4,21,4,1,0,8,1,3,1,0,0,0,335.77777777777777,0.1111111111111111,0.0,0,1,1,0,1,0,0,0,0,1,0,0,0,0,0,1,0,0,1,0,0
36,469,3,3,3,46,3,1,2,3692,9256,1,12,3,3,0,12,2,2,11,10,0,7,284.0,0.8461538461538461,0.5833333333333334,1,0,1,0,0,0,0,0,1,1,0,0,0,0,0,1,0,0,1,0,0
47,983,2,2,1,65,3,2,4,5070,7389,5,13,3,3,3,20,2,3,5,0,0,4,241.42857142857142,0.23809523809523808,0.6666666666666666,0,1,1,0,0,0,1,0,0,0,0,0,0,1,0,0,0,0,0,0,0
39,119,15,4,2,77,3,4,1,13341,25098,0,12,3,1,0,21,3,3,20,8,11,10,606.4090909090909,0.9090909090909091,0.47619047619047616,0,1,0,1,0,1,0,0,0,1,0,0,0,0,0,0,1,0,0,1,0
41,552,4,3,3,60,1,2,2,6430,20794,6,19,3,2,1,10,4,3,3,2,1,2,584.5454545454545,0.2727272727272727,0.5,0,0,0,0,0,0,0,0,0,1,1,0,0,0,0,0,0,0,1,0,0
29,337,14,1,3,84,3,3,4,7553,22930,0,12,3,1,0,9,1,3,8,7,7,7,755.3,0.8,0.7777777777777778,1,0,1,0,0,0,0,1,0,0,0,0,0,0,0,0,0,0,0,1,1
38,364,3,5,4,32,3,2,3,4317,2302,3,20,4,2,0,19,2,3,3,2,2,2,215.85,0.15,0.5,0,1,1,0,0,0,0,0,1,0,0,0,0,0,0,1,0,0,0,1,1
32,1062,2,3,3,75,3,1,2,2370,3956,1,13,3,3,1,8,4,3,8,0,0,7,263.3333333333333,0.8888888888888888,0.7777777777777778,0,1,1,0,0,0,1,0,0,0,0,1,0,0,0,0,0,0,1,0,0
31,1445,1,5,3,100,4,3,2,7446,8931,1,11,3,1,0,10,2,3,10,8,4,7,676.9090909090909,0.9090909090909091,0.6363636363636364,1,0,1,0,1,0,0,0,0,0,0,0,0,1,0,0,0,0,0,1,0
21,546,5,1,3,97,3,1,4,3117,26009,1,18,3,3,0,3,2,3,2,2,2,2,779.25,0.5,0.6666666666666666,0,1,1,0,0,0,1,0,0,1,0,0,0,0,0,1,0,0,0,1,0
43,422,1,3,4,33,3,2,4,5562,21782,4,13,3,2,1,12,2,2,5,2,2,2,427.84615384615387,0.38461538461538464,0.3333333333333333,1,0,1,0,1,0,0,0,0,0,0,0,0,0,0,0,0,0,1,0,0
38,1495,4,2,4,87,3,1,3,3306,26176,7,19,3,4,1,7,5,2,0,0,0,0,413.25,0.0,0.0,0,1,1,0,0,0,1,0,0,0,0,1,0,0,0,0,0,0,1,0,0
50,813,17,5,4,50,2,3,1,13269,21981,5,15,3,3,3,19,3,3,14,11,1,11,663.45,0.7,0.7333333333333333,0,1,1,0,1,0,0,0,0,0,0,0,0,0,1,0,0,0,0,0,0
31,1274,9,1,3,33,3,3,2,10648,14394,1,25,4,4,1,13,6,4,13,8,0,8,760.5714285714286,0.9285714285714286,0.5714285714285714,0,1,1,0,1,0,0,0,0,1,0,0,0,1,0,0,0,0,0,0,0
35,303,27,3,3,84,3,2,4,5813,13492,1,18,3,4,0,10,2,3,10,7,7,7,528.4545454545455,0.9090909090909091,0.6363636363636364,0,1,0,1,1,0,0,0,0,1,0,0,0,0,0,0,1,0,0,1,1
37,1305,10,4,3,49,3,2,2,4197,21123,2,12,3,4,0,18,2,2,1,0,0,1,220.89473684210526,0.05263157894736842,0.5,0,1,1,0,1,0,0,0,0,1,0,0,0,1,0,0,0,0,0,1,1
27,1130,8,4,2,56,3,2,2,6214,3415,1,18,3,1,1,8,3,3,8,7,0,7,690.4444444444445,0.8888888888888888,0.7777777777777778,0,1,0,1,0,1,0,0,0,0,0,0,0,0,0,0,1,0,1,0,0
48,1355,4,4,3,78,2,3,3,10999,22245,7,14,3,2,0,27,3,3,15,11,4,8,392.82142857142856,0.5357142857142857,0.5,0,1,1,0,1,0,0,0,0,1,0,0,0,0,0,0,0,0,0,1,0
38,1394,8,3,4,58,2,2,2,2133,18115,1,16,3,3,1,20,3,3,20,11,0,7,101.57142857142857,0.9523809523809523,0.3333333333333333,1,0,1,0,0,0,1,0,0,0,0,0,0,0,0,1,0,0,0,0,1
36,894,1,4,4,33,2,2,3,4374,15411,0,15,3,3,0,4,6,3,3,2,1,2,874.8,0.6,0.5,0,0,1,0,0,0,1,0,0,0,0,0,0,1,0,0,0,0,1,0,0
27,1377,11,1,2,91,3,1,1,2099,7679,0,14,3,2,0,6,3,4,5,0,1,4,299.85714285714283,0.7142857142857143,0.6666666666666666,0,1,1,0,1,0,0,0,0,1,0,1,0,0,0,0,0,0,1,0,0
34,999,26,1,1,92,2,1,3,2029,15891,1,20,4,3,3,5,2,3,5,4,0,0,338.1666666666667,0.8333333333333334,0.0,0,0,1,0,0,0,0,0,1,0,0,0,0,0,0,1,0,0,0,0,0
47,217,3,3,4,49,3,4,3,13770,10225,9,12,3,4,2,28,2,2,22,2,11,13,474.82758620689657,0.7586206896551724,0.5652173913043478,1,0,0,1,0,0,1,0,0,0,0,0,0,0,0,0,1,0,0,0,1
49,464,16,3,4,74,3,1,1,2587,24941,4,16,3,2,1,17,2,2,2,2,2,2,143.72222222222223,0.1111111111111111,0.6666666666666666,0,1,1,0,0,0,1,0,0,0,0,1,0,0,0,0,0,0,0,0,1
58,605,21,3,4,72,3,4,4,17875,11761,4,13,3,3,1,29,2,2,1,0,0,0,595.8333333333334,0.03333333333333333,0.0,0,1,0,1,1,0,0,0,0,0,0,0,1,0,0,0,0,0,1,0,1
24,1448,1,1,1,62,3,1,2,3202,21972,1,16,3,2,0,6,4,3,5,3,1,4,457.42857142857144,0.7142857142857143,0.6666666666666666,0,1,0,1,0,0,0,0,1,0,0,0,0,0,0,0,0,1,0,1,1
29,410,2,1,4,97,3,1,2,3180,4668,0,13,3,3,3,4,3,3,3,2,0,2,636.0,0.6,0.5,1,0,1,0,1,0,0,0,0,0,0,1,0,0,0,0,0,0,1,0,0
35,1017,6,4,2,82,1,2,4,6646,19368,1,13,3,2,0,17,3,3,17,11,11,8,369.22222222222223,0.9444444444444444,0.4444444444444444,0,1,1,0,1,0,0,0,0,1,0,0,0,0,0,1,0,0,0,1,0
26,841,6,3,3,46,2,1,2,2368,23300,1,19,3,3,0,5,3,2,5,4,4,3,394.6666666666667,0.8333333333333334,0.5,0,1,1,0,0,0,0,1,0,0,0,0,0,0,0,1,0,0,1,0,0
58,286,2,4,4,31,3,5,2,19246,25761,7,12,3,4,0,40,2,3,31,15,13,8,469.4146341463415,0.7560975609756098,0.25,0,1,1,0,1,0,0,0,0,1,0,0,0,0,1,0,0,0,0,1,1
45,364,25,3,2,83,3,5,2,18061,13035,3,22,4,3,0,22,4,3,0,0,0,0,785.2608695652174,0.0,0.0,1,0,1,0,0,0,1,0,0,0,0,0,1,0,0,0,0,0,0,1,0
38,849,25,2,1,81,2,3,2,12061,26707,3,17,3,3,1,19,2,3,10,8,0,1,603.05,0.5,0.09090909090909091,0,1,1,0,1,0,0,0,0,0,0,0,0,0,1,0,0,0,1,0,0
22,253,11,3,1,43,3,1,2,2244,24440,1,13,3,4,1,2,1,3,2,1,1,2,748.0,0.6666666666666666,0.6666666666666666,0,1,1,0,0,0,1,0,0,0,0,0,0,0,0,1,0,0,1,0,0
33,1017,25,3,1,55,2,1,2,2313,2993,4,20,4,2,0,5,0,3,2,2,2,2,385.5,0.3333333333333333,0.6666666666666666,0,1,1,0,0,0,1,0,0,1,0,0,0,0,0,1,0,0,0,1,1
30,1398,22,4,3,69,3,3,1,8412,2890,0,11,3,3,0,10,3,3,9,8,7,8,764.7272727272727,0.8181818181818182,0.8,0,0,0,1,0,0,0,1,0,0,0,0,0,0,0,0,1,0,1,0,0
38,395,9,3,2,98,2,1,2,2899,12102,0,19,3,4,1,3,3,3,2,2,1,2,724.75,0.5,0.6666666666666666,0,1,0,1,0,1,0,0,0,1,0,0,0,0,0,0,0,1,1,0,0
35,636,4,4,4,47,2,1,4,2376,26537,1,13,3,2,1,2,2,4,2,2,2,2,792.0,0.6666666666666666,0.6666666666666666,1,0,1,0,0,0,0,1,0,1,0,1,0,0,0,0,0,0,1,0,0
30,1138,6,3,1,48,2,2,4,4627,23631,0,12,3,1,1,10,6,3,9,2,6,7,420.6363636363636,0.8181818181818182,0.7,0,1,1,0,0,0,0,0,1,0,0,1,0,0,0,0,0,0,1,0,0
27,1410,3,1,4,71,4,2,4,4647,16673,1,20,4,2,2,6,3,3,6,5,0,4,663.8571428571429,0.8571428571428571,0.5714285714285714,1,0,0,1,0,0,1,0,0,0,0,0,0,0,0,0,1,0,0,0,1
23,571,12,2,4,78,3,1,4,2647,13672,1,13,3,3,0,5,6,4,5,2,1,4,441.1666666666667,0.8333333333333334,0.6666666666666666,0,1,1,0,0,0,0,1,0,1,0,1,0,0,0,0,0,0,0,1,0
46,734,2,4,3,46,3,5,4,19328,14218,7,17,3,3,1,24,3,3,2,1,2,2,773.12,0.08,0.6666666666666666,0,1,1,0,0,0,1,0,0,1,0,0,0,0,1,0,0,0,0,0,1
27,975,7,3,4,55,2,2,1,6811,23398,8,19,3,1,0,9,2,1,7,6,0,7,681.1,0.7,0.875,0,1,1,0,0,0,1,0,0,0,0,0,0,0,0,0,0,0,0,1,0
33,587,10,1,1,38,1,1,4,3408,6705,7,13,3,1,3,8,2,3,4,3,1,3,378.6666666666667,0.4444444444444444,0.6,0,1,1,0,0,0,1,0,0,1,0,1,0,0,0,0,0,0,0,0,0
48,492,16,4,3,96,3,2,3,6439,13693,8,14,3,3,1,18,2,3,8,7,7,7,338.89473684210526,0.42105263157894735,0.7777777777777778,0,1,0,1,1,0,0,0,0,0,0,0,0,0,0,0,1,0,0,0,0
38,833,18,3,2,60,1,2,4,5811,24539,3,16,3,3,1,15,2,3,1,0,1,0,363.1875,0.0625,0.0,0,1,1,0,0,0,1,0,0,1,0,0,0,0,0,0,0,0,1,0,1
34,702,16,4,3,100,2,1,4,2553,8306,1,16,3,3,0,6,3,3,5,2,1,3,364.7142857142857,0.7142857142857143,0.5,1,0,1,0,1,0,0,0,0,0,0,0,0,0,0,1,0,0,0,1,0
27,829,8,1,3,84,3,2,4,4342,24008,0,19,3,2,1,5,3,3,4,2,1,1,723.6666666666666,0.6666666666666666,0.2,1,0,0,1,0,1,0,0,0,1,0,0,0,0,0,0,1,0,1,0,0
30,160,3,3,3,71,3,1,3,2083,22653,1,20,4,3,1,1,2,3,1,0,0,0,1041.5,0.5,0.0,1,0,1,0,0,0,1,0,0,0,0,0,0,0,0,1,0,0,0,0,0
33,530,16,3,3,36,3,2,4,5368,16130,1,25,4,3,1,7,2,3,6,5,1,2,671.0,0.75,0.2857142857142857,0,0,0,1,1,0,0,0,0,0,0,0,0,0,0,0,1,0,0,0,1
28,1009,1,3,1,45,2,1,2,2596,7160,1,15,3,1,2,1,2,3,1,0,0,0,1298.0,0.5,0.0,1,0,1,0,0,0,1,0,0,1,0,1,0,0,0,0,0,0,0,0,0
23,638,9,3,4,33,3,1,1,1790,26956,1,19,3,1,1,1,3,2,1,0,1,0,895.0,0.5,0.0,1,0,0,1,0,1,0,0,0,1,0,0,0,0,0,0,0,1,1,0,0
47,1379,16,4,3,64,4,2,3,5067,6759,1,19,3,3,0,20,3,4,19,10,2,7,241.28571428571428,0.9047619047619048,0.35,1,0,1,0,0,0,1,0,0,1,0,0,0,1,0,0,0,0,0,0,1
51,432,9,4,4,96,3,1,4,2075,18725,3,23,4,2,2,10,4,3,4,2,0,3,188.63636363636363,0.36363636363636365,0.6,0,1,1,0,1,0,0,0,0,1,0,1,0,0,0,0,0,0,1,0,0
35,750,28,3,2,46,4,2,3,3407,25348,1,17,3,4,2,10,3,2,10,9,6,8,309.72727272727275,0.9090909090909091,0.7272727272727273,0,1,1,0,1,0,0,0,0,1,0,1,0,0,0,0,0,0,1,0,0
30,1005,3,3,4,88,3,1,1,2657,8556,5,11,3,3,0,8,5,3,5,2,0,4,295.22222222222223,0.5555555555555556,0.6666666666666666,0,1,1,0,0,0,0,0,1,0,0,0,0,0,0,1,0,0,0,1,1
38,471,12,3,1,45,2,2,1,6288,4284,2,15,3,3,1,13,3,2,4,3,1,2,449.14285714285717,0.2857142857142857,0.4,1,0,1,0,1,0,0,0,0,1,0,0,0,0,0,0,0,0,0,0,0
25,688,3,3,1,91,3,1,1,4031,9396,5,13,3,3,1,6,5,3,2,2,0,2,575.8571428571429,0.2857142857142857,0.6666666666666666,0,1,1,0,0,0,1,0,0,1,0,1,0,0,0,0,0,0,1,0,0
47,955,4,2,4,83,3,2,4,4163,8571,1,17,3,3,0,9,0,3,9,0,0,7,416.3,0.9,0.7,0,1,0,1,1,0,0,0,0,0,0,0,0,0,0,0,1,0,0,1,1
48,1224,10,3,4,91,2,5,2,19665,13583,4,12,3,4,0,29,3,3,22,10,12,9,655.5,0.7333333333333333,0.391304347826087,0,1,1,0,1,0,0,0,0,1,0,0,0,0,1,0,0,0,1,0,0
35,672,25,3,4,78,2,3,2,10903,9129,3,16,3,1,0,16,2,3,13,10,4,8,641.3529411764706,0.7647058823529411,0.5714285714285714,0,1,1,0,0,0,0,0,1,1,0,0,0,1,0,0,0,0,1,0,0
26,426,17,4,2,58,3,1,3,2741,22808,0,11,3,2,1,8,2,2,7,7,1,0,304.55555555555554,0.7777777777777778,0.0,1,0,0,0,1,0,0,0,0,0,1,0,0,0,0,0,0,0,0,0,1
32,1018,3,2,3,39,3,3,4,11159,19373,3,15,3,4,0,10,6,3,7,7,7,7,1014.4545454545455,0.6363636363636364,0.875,0,1,1,0,1,0,0,0,0,0,0,0,0,0,1,0,0,0,0,1,0
35,528,8,4,3,100,3,1,3,4323,7108,1,17,3,2,0,6,2,1,5,4,1,4,617.5714285714286,0.7142857142857143,0.6666666666666666,0,1,0,0,0,0,0,0,1,1,1,0,0,0,0,0,0,0,0,1,0
39,592,2,3,1,54,2,1,1,3646,17181,2,23,4,2,0,11,2,4,1,0,0,0,303.8333333333333,0.08333333333333333,0.0,0,0,1,0,1,0,0,0,0,0,0,1,0,0,0,0,0,0,0,1,1
40,791,2,2,3,38,4,2,2,4244,9931,1,24,4,4,1,8,2,3,8,7,3,7,471.55555555555554,0.8888888888888888,0.7777777777777778,1,0,1,0,0,0,1,0,0,0,0,0,0,0,0,0,0,0,1,0,0
30,1465,1,3,4,63,3,1,2,3579,9369,0,21,4,1,1,12,2,3,11,9,5,7,275.3076923076923,0.8461538461538461,0.5833333333333334,0,1,1,0,0,0,1,0,0,1,0,0,0,0,0,1,0,0,1,0,1
40,107,10,3,2,84,2,2,2,6852,11591,7,12,3,2,1,7,2,4,5,1,1,3,856.5,0.625,0.5,0,1,0,1,0,0,0,0,1,0,0,0,0,0,0,0,1,0,0,0,0
26,192,1,2,1,59,2,1,1,3955,11141,1,16,3,1,2,6,2,3,5,3,1,3,565.0,0.7142857142857143,0.5,0,1,1,0,0,0,1,0,0,1,0,1,0,0,0,0,0,0,1,0,0
21,895,9,2,1,39,3,1,4,2610,2851,1,24,4,3,0,3,3,2,3,2,2,2,652.5,0.75,0.5,0,0,0,1,0,0,1,0,0,1,0,0,0,0,0,0,0,1,0,1,0
36,913,9,2,2,48,2,2,2,8847,13934,2,11,3,3,1,13,2,3,3,2,0,2,631.9285714285714,0.21428571428571427,0.5,0,1,1,0,0,0,1,0,0,1,0,0,0,1,0,0,0,0,0,0,1
28,1103,16,3,3,49,3,1,3,2144,2122,1,14,3,3,0,5,3,2,5,3,1,4,357.3333333333333,0.8333333333333334,0.6666666666666666,0,0,1,0,0,0,1,0,0,1,0,0,0,0,0,1,0,0,0,1,0
28,289,2,2,3,38,2,1,1,2561,5355,7,11,3,3,0,8,2,2,0,0,0,0,284.55555555555554,0.0,0.0,1,0,1,0,0,0,1,0,0,1,0,1,0,0,0,0,0,0,0,1,0
21,337,7,1,2,31,3,1,2,2679,4567,1,13,3,2,0,1,3,3,1,0,1,0,1339.5,0.5,0.0,0,1,0,1,0,1,0,0,0,1,0,0,0,0,0,0,0,1,0,1,0
40,555,2,3,2,78,2,2,3,3448,13436,6,22,4,2,1,20,3,3,1,0,0,0,164.1904761904762,0.047619047619047616,0.0,0,1,1,0,0,0,1,0,0,0,0,1,0,0,0,0,0,0,1,0,0
33,970,7,3,4,30,3,2,2,4302,13401,0,17,3,3,1,4,3,3,3,2,0,2,860.4,0.6,0.5,1,0,0,1,1,0,0,0,0,0,0,0,0,0,0,0,1,0,1,0,0
42,1142,8,3,4,81,3,1,3,3968,13624,4,13,3,4,0,8,3,3,0,0,0,0,440.8888888888889,0.0,0.0,0,1,1,0,1,0,0,0,0,1,0,1,0,0,0,0,0,0,0,1,0
50,809,12,3,3,77,3,3,4,9208,6645,4,11,3,4,0,16,3,3,2,2,2,1,541.6470588235294,0.11764705882352941,0.3333333333333333,1,0,0,1,0,1,0,0,0,0,0,0,0,0,0,0,1,0,0,1,0
46,644,1,4,4,97,3,3,1,9396,12368,7,16,3,3,1,17,3,3,4,2,0,3,522.0,0.2222222222222222,0.6,0,1,1,0,0,0,1,0,0,1,0,0,0,0,0,0,0,0,0,0,0
20,1362,10,1,4,32,3,1,3,1009,26999,1,11,3,4,0,1,5,3,1,0,1,1,504.5,0.5,0.5,0,1,1,0,0,0,1,0,0,1,0,0,0,0,0,1,0,0,0,1,1
45,374,20,3,4,50,3,2,3,4850,23333,8,15,3,3,0,8,3,3,5,3,0,1,538.8888888888889,0.5555555555555556,0.16666666666666666,0,1,0,1,1,0,0,0,0,0,0,0,0,0,0,0,1,0,0,1,0
29,350,13,3,1,56,2,1,1,2335,3157,4,15,3,4,3,4,3,3,2,2,2,0,467.0,0.4,0.0,0,1,0,0,0,0,0,0,0,1,1,0,0,0,0,0,0,0,0,0,1
32,1018,2,4,1,74,4,2,4,5055,10557,7,16,3,3,0,10,0,2,7,7,0,7,459.54545454545456,0.6363636363636364,0.875,0,1,1,0,0,0,1,0,0,0,0,0,0,0,0,1,0,0,0,1,0
35,619,1,3,2,85,3,2,3,4717,18659,9,11,3,3,0,15,2,3,11,9,6,9,294.8125,0.6875,0.75,0,1,0,1,0,1,0,0,0,1,0,0,0,0,0,0,1,0,1,0,0
42,622,2,4,3,81,3,2,4,4089,5718,1,13,3,2,2,10,4,3,10,2,2,2,371.72727272727275,0.9090909090909091,0.18181818181818182,0,1,1,0,1,0,0,0,0,0,0,0,0,0,0,0,0,0,1,0,0
37,504,10,3,1,61,3,3,3,10048,22573,6,11,3,2,2,17,5,3,1,0,0,0,558.2222222222222,0.05555555555555555,0.0,1,0,1,0,0,0,1,0,0,1,0,0,0,1,0,0,0,0,0,0,0
40,750,12,3,2,47,3,2,1,4448,10748,2,12,3,2,1,15,3,3,7,4,7,7,278.0,0.4375,0.875,0,1,1,0,1,0,0,0,0,0,0,0,0,0,0,0,0,0,0,0,0
56,1162,24,2,1,97,3,1,4,2587,10261,1,16,3,4,0,5,3,3,4,2,1,0,431.1666666666667,0.6666666666666666,0.0,0,1,1,0,1,0,0,0,0,1,0,1,0,0,0,0,0,0,0,1,0
34,1069,2,1,4,45,2,2,3,9547,14074,1,17,3,3,0,10,2,2,10,9,1,9,867.9090909090909,0.9090909090909091,0.8181818181818182,1,0,1,0,1,0,0,0,0,1,0,0,0,1,0,0,0,0,1,0,0
31,480,7,2,2,31,3,2,1,4306,4156,1,12,3,2,1,13,5,1,13,10,3,12,307.57142857142856,0.9285714285714286,0.8571428571428571,0,1,1,0,0,0,1,0,0,0,0,0,0,1,0,0,0,0,1,0,0
39,1218,1,1,2,52,3,5,3,19197,8213,1,14,3,3,1,21,3,3,21,8,1,6,872.5909090909091,0.9545454545454546,0.2727272727272727,1,0,1,0,1,0,0,0,0,1,0,0,1,0,0,0,0,0,0,0,1
34,479,7,4,1,35,3,1,4,2972,22061,1,13,3,3,0,1,4,1,1,0,0,0,1486.0,0.5,0.0,0,1,1,0,0,0,1,0,0,1,0,0,0,0,0,1,0,0,0,1,0
30,153,8,2,2,73,4,3,1,11416,17802,0,12,3,3,3,9,4,2,8,7,1,7,1141.6,0.8,0.7777777777777778,0,1,1,0,1,0,0,0,0,0,0,0,0,0,1,0,0,0,1,0,1
52,322,28,2,4,59,4,4,3,13247,9731,2,11,3,2,1,24,3,2,5,3,0,2,529.88,0.2,0.3333333333333333,1,0,1,0,0,0,1,0,0,0,0,0,0,1,0,0,0,0,1,0,1
37,482,3,3,3,36,3,3,3,9434,9606,1,15,3,3,1,10,2,3,10,7,7,8,857.6363636363636,0.9090909090909091,0.7272727272727273,0,1,1,0,0,0,0,1,0,1,0,0,0,1,0,0,0,0,1,0,0
32,638,8,2,3,91,4,2,3,5175,22162,5,12,3,3,1,9,3,2,5,3,1,3,517.5,0.5,0.5,0,1,1,0,0,0,1,0,0,0,0,0,0,0,0,1,0,0,1,0,0
33,392,2,4,4,93,3,2,4,5505,3921,1,14,3,3,2,6,5,3,6,2,0,4,786.4285714285714,0.8571428571428571,0.5714285714285714,0,1,0,1,0,0,1,0,0,1,0,0,0,0,0,0,1,0,0,0,0
18,247,8,1,3,80,3,1,3,1904,13556,1,12,3,4,0,0,0,3,0,0,0,0,1904.0,0.0,0.0,0,0,1,0,0,0,1,0,0,1,0,1,0,0,0,0,0,0,0,1,0
33,465,2,2,1,39,3,1,1,2707,21509,7,20,4,1,0,13,3,4,9,7,1,7,193.35714285714286,0.6428571428571429,0.7,0,1,1,0,1,0,0,0,0,0,0,1,0,0,0,0,0,0,1,0,0
33,1313,1,2,2,59,2,1,3,2008,20439,1,12,3,3,3,1,2,2,1,1,0,0,1004.0,0.5,0.0,0,0,1,0,0,0,1,0,0,1,0,1,0,0,0,0,0,0,0,0,0
30,1012,5,4,2,75,2,1,4,3761,2373,9,12,3,2,1,10,3,2,5,4,0,3,341.90909090909093,0.45454545454545453,0.5,1,0,1,0,1,0,0,0,0,1,0,0,0,0,0,1,0,0,0,0,0
36,164,2,2,2,61,2,3,3,7596,3809,1,13,3,2,2,10,2,3,10,9,9,0,690.5454545454545,0.9090909090909091,0.0,0,1,0,1,0,0,1,0,0,1,0,0,0,0,0,0,1,0,1,0,0
40,692,11,3,4,73,3,2,3,6323,26849,1,11,3,1,1,10,2,4,10,9,9,4,574.8181818181819,0.9090909090909091,0.36363636363636365,1,0,1,0,0,0,0,0,1,0,0,1,0,0,0,0,0,0,1,0,0
27,691,9,3,4,57,3,1,2,2024,5970,6,18,3,4,1,6,1,1,2,2,2,2,289.14285714285717,0.2857142857142857,0.6666666666666666,0,0,1,0,0,0,1,0,0,1,0,0,0,0,0,1,0,0,0,0,0
48,715,1,3,4,76,2,5,4,18265,8733,6,12,3,3,0,25,3,4,1,0,0,0,702.5,0.038461538461538464,0.0,0,1,1,0,1,0,0,0,0,1,0,0,0,0,1,0,0,0,0,1,0
37,589,9,2,2,46,2,2,2,4189,8800,1,14,3,1,2,5,2,3,5,2,0,3,698.1666666666666,0.8333333333333334,0.5,0,1,0,1,0,1,0,0,0,1,0,0,0,0,0,0,1,0,1,0,0
50,328,1,3,3,86,2,1,3,3690,3425,2,15,3,4,1,5,2,2,3,2,0,2,615.0,0.5,0.5,0,1,1,0,0,0,1,0,0,1,0,1,0,0,0,0,0,0,1,0,0
26,991,6,3,3,71,3,1,4,2659,17759,1,13,3,3,1,3,2,3,3,2,0,2,664.75,0.75,0.5,0,1,1,0,1,0,0,0,0,0,0,1,0,0,0,0,0,0,1,0,1
42,201,1,4,2,95,3,1,1,2576,20490,3,16,3,2,1,8,5,3,5,2,1,2,286.22222222222223,0.5555555555555556,0.3333333333333333,0,1,1,0,1,0,0,0,0,0,0,1,0,0,0,0,0,0,0,0,0
26,1066,2,2,4,32,4,2,4,5472,3334,1,12,3,2,0,8,2,3,8,7,1,3,608.0,0.8888888888888888,0.3333333333333333,0,1,1,0,0,0,1,0,0,1,0,0,0,1,0,0,0,0,1,0,0
25,1280,7,1,4,64,2,1,4,2889,26897,1,11,3,3,2,2,2,3,2,2,2,1,963.0,0.6666666666666666,0.3333333333333333,0,1,1,0,0,0,1,0,0,1,0,0,0,0,0,1,0,0,1,0,0
50,562,8,2,2,50,3,2,3,6796,23452,3,14,3,1,1,18,4,3,4,3,1,3,357.6842105263158,0.21052631578947367,0.6,1,0,0,1,0,0,0,0,1,1,0,0,0,0,0,0,1,0,1,0,1
40,1469,9,4,4,35,3,1,2,3617,25063,8,14,3,4,1,3,2,3,1,1,0,0,904.25,0.25,0.0,1,0,1,0,0,0,1,0,0,1,0,0,0,0,0,1,0,0,0,0,1
40,898,6,2,3,38,3,4,4,16437,17381,1,21,4,4,0,21,2,3,21,7,7,7,747.1363636363636,0.9545454545454546,0.3181818181818182,0,1,0,0,0,0,1,0,0,1,0,0,1,0,0,0,0,0,0,1,1
51,1456,1,4,1,30,2,3,1,7484,25796,3,20,4,3,0,23,1,2,13,12,12,8,311.8333333333333,0.5416666666666666,0.5714285714285714,1,0,1,0,0,0,1,0,0,0,0,0,0,0,0,0,0,0,0,1,0
28,654,1,2,1,67,1,1,2,2216,3872,7,13,3,4,0,10,4,3,7,7,3,7,201.45454545454547,0.6363636363636364,0.875,0,1,1,0,1,0,0,0,0,0,0,0,0,0,0,1,0,0,0,1,1
40,1184,2,4,2,62,3,2,2,4327,25440,5,12,3,4,3,5,2,3,0,0,0,0,721.1666666666666,0.0,0.0,1,0,0,1,0,0,1,0,0,1,0,0,0,0,0,0,1,0,1,0,0
46,1003,8,4,4,74,2,2,1,4615,21029,8,23,4,1,3,19,2,3,16,13,1,7,230.75,0.8,0.4117647058823529,0,1,1,0,1,0,0,0,0,0,0,0,0,0,0,1,0,0,0,0,1
40,523,2,3,3,98,3,2,4,4661,22455,1,13,3,3,0,9,4,3,9,8,8,8,466.1,0.9,0.8,0,1,1,0,1,0,0,0,0,1,0,0,0,0,0,1,0,0,0,1,0
33,1069,1,3,2,42,2,2,4,6949,12291,0,14,3,1,0,6,3,3,5,0,1,4,992.7142857142857,0.7142857142857143,0.6666666666666666,0,1,1,0,1,0,0,0,0,0,0,0,0,0,0,0,0,0,0,1,0
53,1219,2,4,1,78,2,4,4,15427,22021,2,16,3,3,0,31,3,3,25,8,3,7,482.09375,0.78125,0.2692307692307692,0,1,0,1,1,0,0,0,0,0,0,0,1,0,0,0,0,0,1,0,0
30,202,2,1,3,72,3,1,2,2476,17434,1,18,3,1,1,1,3,3,1,0,0,0,1238.0,0.5,0.0,0,1,0,1,0,0,0,0,1,1,0,0,0,0,0,0,0,1,1,0,0
40,1342,9,2,1,47,3,2,1,5473,19345,0,12,3,4,0,9,5,4,8,4,7,1,547.3,0.8,0.1111111111111111,0,1,0,1,0,0,1,0,0,1,0,0,0,0,0,0,1,0,1,0,0
39,505,2,4,3,64,3,3,3,10938,6420,0,25,4,4,0,20,1,3,19,6,11,8,520.8571428571429,0.9047619047619048,0.4,1,0,1,0,0,0,0,0,1,0,0,0,0,0,0,0,0,0,0,1,0
26,157,1,3,3,95,3,1,1,2867,20006,0,13,3,4,0,8,6,2,7,7,7,6,318.55555555555554,0.7777777777777778,0.75,0,1,1,0,0,0,1,0,0,1,0,1,0,0,0,0,0,0,0,1,0
52,1323,2,3,3,89,2,1,4,3212,3300,7,15,3,2,0,6,3,2,2,2,2,2,458.85714285714283,0.2857142857142857,0.6666666666666666,0,1,1,0,1,0,0,0,0,0,0,1,0,0,0,0,0,0,0,1,0
31,697,10,3,3,40,3,3,3,11031,26862,4,20,4,3,1,13,2,4,11,7,4,8,787.9285714285714,0.7857142857142857,0.6666666666666666,0,0,1,0,0,0,1,0,0,0,0,0,0,0,1,0,0,0,1,0,0
36,1299,27,3,3,94,3,2,3,5237,16577,6,13,3,2,2,17,3,2,7,7,7,7,290.94444444444446,0.3888888888888889,0.875,0,1,1,0,0,0,1,0,0,1,0,0,0,0,0,0,0,0,1,0,0
38,693,7,3,4,57,4,1,3,2610,15748,1,11,3,4,3,4,2,3,4,2,0,3,522.0,0.8,0.6,1,0,1,0,1,0,0,0,0,1,0,0,0,0,0,1,0,0,0,0,0
42,495,2,1,3,37,3,4,3,17861,26582,0,13,3,4,0,21,3,2,20,8,2,10,811.8636363636364,0.9090909090909091,0.47619047619047616,0,0,1,0,1,0,0,0,0,1,0,0,1,0,0,0,0,0,1,0,1
38,433,1,3,3,37,4,1,3,2844,6004,1,13,3,4,1,7,2,4,7,6,5,0,355.5,0.875,0.0,0,1,0,0,0,0,0,0,0,1,1,0,0,0,0,0,0,0,1,0,0
39,1383,2,3,4,42,2,2,4,5204,7790,8,11,3,3,2,13,2,3,5,4,0,4,371.7142857142857,0.35714285714285715,0.6666666666666666,0,1,0,0,1,0,0,0,0,0,1,0,0,0,0,0,0,0,1,0,0
22,391,7,1,4,75,3,1,2,2472,26092,1,23,4,1,0,1,2,3,1,0,0,0,1236.0,0.5,0.0,0,1,1,0,1,0,0,0,0,1,0,0,0,0,0,1,0,0,0,1,1
24,240,22,1,4,58,1,1,3,1555,11585,1,11,3,3,1,1,2,3,1,0,0,0,777.5,0.5,0.0,0,1,0,0,0,0,0,0,0,1,1,0,0,0,0,0,0,0,1,0,0
47,202,2,2,3,33,3,4,4,16752,12982,1,11,3,3,1,26,3,2,26,14,3,0,620.4444444444445,0.9629629629629629,0.0,0,1,1,0,0,0,0,1,0,0,0,0,1,0,0,0,0,0,1,0,1
44,661,9,2,2,61,3,1,1,2559,7508,1,13,3,4,0,8,0,3,8,7,7,1,284.3333333333333,0.8888888888888888,0.1111111111111111,0,1,1,0,1,0,0,0,0,1,0,0,0,0,0,1,0,0,1,0,1
46,566,7,2,4,75,3,3,3,10845,24208,6,13,3,2,1,13,3,3,8,7,0,7,774.6428571428571,0.5714285714285714,0.7777777777777778,0,1,1,0,0,0,1,0,0,1,0,0,0,1,0,0,0,0,0,0,0
34,988,23,3,2,43,3,3,1,9950,11533,9,15,3,3,3,11,2,3,3,2,0,2,829.1666666666666,0.25,0.5,1,0,0,0,0,0,0,0,0,0,1,0,0,0,0,0,0,0,0,0,1
40,1479,24,3,2,100,4,4,2,13194,17071,4,16,3,4,0,22,2,2,1,0,0,0,573.6521739130435,0.043478260869565216,0.0,0,0,0,1,1,0,0,0,0,0,0,0,0,0,0,0,1,0,0,1,1
30,1288,29,4,3,33,3,3,2,9250,17799,3,12,3,2,1,9,3,3,4,2,1,3,925.0,0.4,0.6,0,1,0,1,0,0,0,0,1,1,0,0,0,0,0,0,1,0,1,0,0
49,527,8,2,1,51,3,3,2,7403,22477,4,11,3,3,1,29,3,2,26,9,1,7,246.76666666666668,0.8666666666666667,0.25925925925925924,0,1,1,0,0,0,0,1,0,0,0,1,0,0,0,0,0,0,1,0,0
55,685,26,5,3,60,2,5,4,19586,23037,1,21,4,3,1,36,3,3,36,6,2,13,529.3513513513514,0.972972972972973,0.35135135135135137,0,1,0,1,0,1,0,0,0,1,0,0,1,0,0,0,0,0,1,0,0
30,334,26,4,3,52,2,2,1,6696,22967,5,15,3,3,0,9,5,2,6,3,0,1,669.6,0.6,0.14285714285714285,1,0,0,1,0,1,0,0,0,0,0,0,0,0,0,0,1,0,0,1,0
40,1395,26,3,2,54,3,2,2,5605,8504,1,11,3,1,1,20,2,3,20,7,2,13,266.9047619047619,0.9523809523809523,0.6190476190476191,1,0,1,0,0,0,1,0,0,0,0,0,0,0,0,1,0,0,0,0,0
27,1450,3,3,3,79,2,1,3,2566,25326,1,15,3,4,1,1,2,2,1,1,0,1,1283.0,0.5,0.5,0,0,1,0,0,0,1,0,0,1,0,0,0,0,0,1,0,0,0,0,1
32,548,1,3,2,66,3,2,2,6220,7346,1,17,3,2,2,10,3,3,10,4,0,9,565.4545454545455,0.9090909090909091,0.8181818181818182,0,1,1,0,1,0,0,0,0,1,0,0,0,0,0,1,0,0,1,0,0
53,661,7,2,1,78,2,3,4,10934,20715,7,18,3,4,1,35,3,3,5,2,0,4,303.72222222222223,0.1388888888888889,0.6666666666666666,0,1,0,1,0,1,0,0,0,0,0,0,0,0,0,0,1,0,1,0,1
27,1354,2,4,2,41,3,1,2,2226,6073,1,11,3,3,1,6,3,2,5,3,1,2,318.0,0.7142857142857143,0.3333333333333333,0,1,1,0,0,0,0,0,1,1,0,0,0,0,0,1,0,0,1,0,0
31,828,2,1,2,77,3,2,4,6582,8346,4,13,3,3,0,10,2,4,6,5,0,5,598.3636363636364,0.5454545454545454,0.7142857142857143,0,1,0,1,1,0,0,0,0,1,0,0,0,0,0,0,1,0,0,1,1
36,325,10,4,4,63,3,3,3,7094,5747,3,12,3,1,0,10,0,3,7,7,1,7,644.9090909090909,0.6363636363636364,0.875,0,1,1,0,0,0,0,0,1,0,0,0,0,0,0,0,0,0,1,0,0
35,763,15,2,1,59,1,2,4,5440,22098,6,14,3,4,2,7,2,2,2,2,2,2,680.0,0.25,0.6666666666666666,0,1,0,1,0,0,1,0,0,1,0,0,0,0,0,0,1,0,0,0,1
42,557,18,4,4,35,3,2,1,5410,11189,6,17,3,3,1,9,3,2,4,3,1,2,541.0,0.4,0.4,0,1,1,0,1,0,0,0,0,1,0,0,0,0,0,1,0,0,0,0,1
41,918,6,3,4,35,3,3,3,9241,15869,1,12,3,2,0,10,3,3,10,8,8,7,840.0909090909091,0.9090909090909091,0.6363636363636364,0,1,0,1,0,1,0,0,0,1,0,0,0,0,0,0,1,0,0,1,0
45,306,26,4,1,100,3,2,1,4286,5630,2,14,3,4,2,5,4,3,1,1,0,0,714.3333333333334,0.16666666666666666,0.0,1,0,0,1,1,0,0,0,0,0,0,0,0,0,0,0,1,0,1,0,0
38,888,10,4,3,71,3,2,3,6077,14814,3,11,3,3,0,10,2,3,6,3,1,2,552.4545454545455,0.5454545454545454,0.2857142857142857,1,0,0,0,0,0,0,0,0,1,1,0,0,0,0,0,0,0,1,0,0
32,379,5,2,2,48,3,2,2,6524,8891,1,14,3,4,1,10,3,3,10,8,5,3,593.0909090909091,0.9090909090909091,0.2727272727272727,1,0,0,1,1,0,0,0,0,1,0,0,0,0,0,0,1,0,1,0,0
38,1153,6,2,4,40,2,1,3,3702,16376,1,11,3,2,1,5,3,3,5,4,0,4,617.0,0.8333333333333334,0.6666666666666666,0,1,1,0,0,0,0,1,0,0,0,1,0,0,0,0,0,0,1,0,0
26,572,10,3,3,46,3,2,4,4684,9125,1,13,3,1,0,5,4,3,5,3,1,2,780.6666666666666,0.8333333333333334,0.3333333333333333,0,1,0,1,0,0,1,0,0,1,0,0,0,0,0,0,1,0,0,1,0
41,1102,1,2,2,94,3,2,4,5993,19479,8,11,3,1,0,8,0,1,6,4,0,5,665.8888888888889,0.6666666666666666,0.7142857142857143,0,1,0,1,1,0,0,0,0,0,0,0,0,0,0,0,1,0,0,1,1
37,342,16,4,4,66,2,2,3,6334,24558,4,19,3,4,2,9,2,3,1,0,0,0,633.4,0.1,0.0,0,1,0,1,0,1,0,0,0,1,0,0,0,0,0,0,1,0,0,0,0
29,332,17,3,2,51,2,3,1,7988,9769,1,13,3,1,0,10,3,2,10,9,0,9,726.1818181818181,0.9090909090909091,0.8181818181818182,0,1,0,0,0,0,0,1,0,1,1,0,0,0,0,0,0,0,0,1,0
44,1315,3,4,4,35,3,5,4,19513,9358,4,12,3,1,1,26,2,4,2,2,0,1,722.7037037037037,0.07407407407407407,0.3333333333333333,0,1,1,0,0,0,0,1,0,1,0,0,1,0,0,0,0,0,1,0,1
31,1079,16,4,1,70,3,3,3,8161,19002,2,13,3,1,3,10,2,3,1,0,0,0,741.9090909090909,0.09090909090909091,0.0,0,1,0,1,0,1,0,0,0,1,0,0,0,0,0,0,1,0,1,0,0
48,626,1,2,1,98,2,3,3,5381,19294,9,13,3,4,0,23,2,3,1,0,0,0,224.20833333333334,0.041666666666666664,0.0,0,1,1,0,1,0,0,0,0,1,0,1,0,0,0,0,0,0,0,1,1
32,929,10,3,4,55,3,2,4,5396,21703,1,12,3,4,0,10,2,2,10,7,0,8,490.54545454545456,0.9090909090909091,0.7272727272727273,0,1,0,1,0,1,0,0,0,1,0,0,0,0,0,0,1,0,0,1,0
56,667,1,4,3,57,3,2,3,6306,26236,1,21,4,1,1,13,2,2,13,12,1,9,450.42857142857144,0.9285714285714286,0.6428571428571429,0,0,1,0,1,0,0,0,0,1,0,0,0,0,0,0,0,0,0,0,0
36,363,1,3,3,77,1,3,1,10252,4235,2,21,4,3,1,17,2,3,7,7,7,7,569.5555555555555,0.3888888888888889,0.875,0,1,1,0,0,0,0,0,1,0,0,0,0,1,0,0,0,0,0,0,1
19,504,10,3,1,96,2,1,2,1859,6148,1,25,4,2,0,1,2,4,1,1,0,0,929.5,0.5,0.0,0,0,1,0,0,0,1,0,0,0,0,0,0,0,0,1,0,0,0,1,1
24,581,9,3,3,62,4,1,3,4401,17616,1,16,3,4,1,5,1,3,5,3,0,4,733.5,0.8333333333333334,0.6666666666666666,0,1,1,0,0,0,1,0,0,1,0,0,0,0,0,1,0,0,1,0,0
36,1434,8,4,1,76,2,3,1,7587,14229,1,15,3,2,0,10,1,3,10,7,0,9,689.7272727272727,0.9090909090909091,0.8181818181818182,0,0,0,1,1,0,0,0,0,1,0,0,0,0,0,0,1,0,0,1,0
25,1372,18,1,1,93,4,2,3,6232,12477,2,11,3,2,0,6,3,2,3,2,1,2,890.2857142857143,0.42857142857142855,0.5,0,1,0,1,1,0,0,0,0,1,0,0,0,0,0,0,1,0,1,0,0
29,352,6,1,4,87,2,1,2,2804,15434,1,11,3,4,0,1,3,3,1,0,0,0,1402.0,0.5,0.0,0,1,0,0,0,0,1,0,0,1,1,0,0,0,0,0,0,0,1,0,0
36,132,6,3,2,55,4,1,4,3038,22002,3,12,3,2,0,5,3,3,1,0,0,0,506.3333333333333,0.16666666666666666,0.0,0,1,1,0,1,0,0,0,0,0,0,1,0,0,0,0,0,0,1,0,0
29,1090,10,3,4,83,3,1,2,2297,17967,1,14,3,4,2,2,2,3,2,2,2,2,765.6666666666666,0.6666666666666666,0.6666666666666666,0,1,0,1,0,1,0,0,0,1,0,0,0,0,0,0,0,1,0,0,0
24,1353,3,2,1,33,3,2,3,4999,17519,0,21,4,1,1,4,2,2,3,2,0,2,999.8,0.6,0.5,0,1,0,1,0,0,0,1,0,0,0,0,0,0,0,0,1,0,1,0,0
32,267,29,4,3,49,2,1,2,2837,15919,1,13,3,3,0,6,3,3,6,2,4,1,405.2857142857143,0.8571428571428571,0.14285714285714285,0,1,1,0,1,0,0,0,0,0,0,1,0,0,0,0,0,0,0,1,0
39,105,9,3,4,87,3,5,4,19431,15302,2,13,3,3,0,21,3,2,6,0,1,3,883.2272727272727,0.2727272727272727,0.42857142857142855,0,0,1,0,1,0,0,0,0,1,0,0,1,0,0,0,0,0,0,1,0
41,1206,23,2,4,80,3,3,3,7082,11591,3,16,3,4,0,21,2,3,2,0,0,2,321.90909090909093,0.09090909090909091,0.6666666666666666,0,1,0,1,1,0,0,0,0,1,0,0,0,0,0,0,1,0,0,1,1
46,1450,15,2,4,52,3,5,2,19081,10849,5,11,3,1,1,25,2,3,4,2,0,3,733.8846153846154,0.15384615384615385,0.6,0,1,1,0,1,0,0,0,0,1,0,0,0,0,1,0,0,0,1,0,0
29,318,8,4,2,77,1,1,1,2119,4759,1,11,3,4,0,7,4,2,7,7,0,7,264.875,0.875,0.875,0,1,1,0,0,0,0,1,0,1,0,1,0,0,0,0,0,0,1,0,1
31,534,20,3,1,66,3,3,3,9824,22908,3,12,3,1,0,12,2,3,1,0,0,0,755.6923076923077,0.07692307692307693,0.0,1,0,1,0,1,0,0,0,0,1,0,0,0,0,0,0,0,0,1,0,0
47,571,14,3,3,78,3,2,3,4591,24200,3,17,3,3,1,11,4,2,5,4,1,2,382.5833333333333,0.4166666666666667,0.3333333333333333,0,1,0,1,0,0,1,0,0,0,0,0,0,0,0,0,1,0,1,0,1
28,890,2,4,3,46,3,1,3,4382,16374,6,17,3,4,0,5,3,2,2,2,2,1,730.3333333333334,0.3333333333333333,0.3333333333333333,0,1,1,0,0,0,1,0,0,1,0,0,0,0,0,1,0,0,0,1,0
44,489,23,3,2,67,3,2,2,2042,25043,4,12,3,3,1,17,3,4,3,2,1,2,113.44444444444444,0.16666666666666666,0.5,0,0,1,0,0,0,1,0,0,1,0,1,0,0,0,0,0,0,1,0,0
39,1122,6,3,4,70,3,1,1,2404,4303,7,21,4,4,0,8,2,1,2,2,2,2,267.1111111111111,0.2222222222222222,0.6666666666666666,0,1,1,0,0,0,1,0,0,1,0,1,0,0,0,0,0,0,1,0,1
30,829,1,1,3,88,2,3,3,8474,20925,1,22,4,3,0,12,2,3,11,8,5,8,651.8461538461538,0.8461538461538461,0.6666666666666666,0,0,1,0,1,0,0,0,0,1,0,0,0,1,0,0,0,0,0,1,0
59,818,6,2,2,52,3,1,3,2267,25657,8,17,3,4,0,7,2,2,2,2,2,2,283.375,0.25,0.6666666666666666,0,1,0,0,0,0,1,0,0,1,1,0,0,0,0,0,0,0,1,0,0
28,895,15,2,1,50,3,1,3,2207,22482,1,16,3,4,1,4,5,2,4,2,2,2,441.4,0.8,0.4,0,1,1,0,1,0,0,0,0,1,0,1,0,0,0,0,0,0,0,0,0
39,439,9,3,3,70,3,2,2,6782,8770,9,15,3,3,0,9,2,2,5,4,0,3,678.2,0.5,0.5,0,0,1,0,1,0,0,0,0,1,0,1,0,0,0,0,0,0,0,1,0
50,316,8,4,4,54,3,1,2,3875,9983,7,15,3,4,1,4,2,3,2,2,2,2,775.0,0.4,0.6666666666666666,0,1,0,1,0,1,0,0,0,1,0,0,0,0,0,0,0,1,1,0,0
44,1448,28,3,4,53,4,4,4,13320,11737,3,18,3,3,1,23,2,3,12,11,11,11,555.0,0.5,0.8461538461538461,0,1,0,1,0,0,1,0,0,0,0,0,0,0,0,0,1,0,1,0,1
33,827,29,4,1,54,2,2,3,4508,3129,1,22,4,2,0,14,4,3,13,7,3,8,300.53333333333336,0.8666666666666667,0.5714285714285714,1,0,1,0,0,0,1,0,0,0,0,0,0,0,0,1,0,0,0,1,0
50,1452,11,3,3,53,3,5,2,19926,17053,3,15,3,2,0,21,5,3,5,4,4,4,905.7272727272727,0.22727272727272727,0.6666666666666666,0,1,1,0,1,0,0,0,0,0,0,0,1,0,0,0,0,0,0,1,0
19,602,1,1,3,100,1,1,1,2325,20989,0,21,4,1,0,1,5,4,0,0,0,0,1162.5,0.0,0.0,1,0,0,1,0,0,0,0,1,0,0,0,0,0,0,0,0,1,0,1,0
42,319,24,3,4,56,3,3,1,7406,6950,1,21,4,4,1,10,5,2,10,9,5,8,673.2727272727273,0.9090909090909091,0.7272727272727273,0,1,1,0,0,0,1,0,0,1,0,0,0,1,0,0,0,0,1,0,1
38,1245,14,3,3,80,3,2,2,9924,12355,0,11,3,4,1,10,3,3,9,8,7,7,902.1818181818181,0.8181818181818182,0.7,0,1,0,1,1,0,0,0,0,1,0,0,0,0,0,0,1,0,1,0,0
50,854,1,4,4,68,3,5,4,19517,24118,3,11,3,3,1,32,3,2,7,0,0,6,591.4242424242424,0.21212121212121213,0.75,0,1,0,1,0,0,1,0,0,0,0,0,1,0,0,0,0,0,0,0,0
23,650,9,1,2,37,3,1,1,2500,4344,1,14,3,4,1,5,2,4,4,3,0,2,416.6666666666667,0.6666666666666666,0.4,0,1,1,0,0,0,1,0,0,1,0,1,0,0,0,0,0,0,1,0,0
29,1176,3,2,2,62,3,2,3,5561,3487,1,14,3,1,1,6,5,2,6,0,1,2,794.4285714285714,0.8571428571428571,0.2857142857142857,0,1,0,1,0,0,1,0,0,0,0,0,0,0,0,0,1,0,1,0,0
31,1154,2,2,1,54,3,1,3,3067,6393,0,19,3,3,1,3,1,3,2,2,1,2,766.75,0.5,0.6666666666666666,0,1,0,1,1,0,0,0,0,1,0,0,0,0,0,0,0,1,1,0,0
33,924,2,3,3,78,3,1,4,2496,6670,4,11,3,4,0,7,3,3,1,1,0,0,312.0,0.125,0.0,0,1,1,0,0,0,1,0,0,1,0,1,0,0,0,0,0,0,0,1,0
29,574,20,1,4,40,3,1,4,3812,7003,1,13,3,2,0,11,3,4,11,8,3,10,317.6666666666667,0.9166666666666666,0.8333333333333334,1,0,1,0,0,0,1,0,0,1,0,1,0,0,0,0,0,0,1,0,0
29,469,10,3,3,42,2,2,3,5869,23413,9,11,3,3,0,8,2,3,5,2,1,4,652.1111111111111,0.5555555555555556,0.6666666666666666,0,1,0,1,0,0,1,0,0,1,0,0,0,0,0,0,1,0,0,1,0
45,1316,29,3,3,83,3,1,4,3452,9752,5,13,3,2,0,9,2,2,6,5,0,3,345.2,0.6,0.42857142857142855,0,1,1,0,0,0,1,0,0,1,0,0,0,0,0,1,0,0,0,1,0
45,252,1,3,3,70,4,5,4,19202,15970,0,11,3,3,1,25,2,3,24,0,1,7,738.5384615384615,0.9230769230769231,0.28,0,1,1,0,0,0,0,1,0,1,0,0,1,0,0,0,0,0,1,0,0
36,1302,6,4,1,80,4,2,1,5562,19711,3,13,3,4,1,9,3,3,3,2,0,2,556.2,0.3,0.5,1,0,1,0,1,0,0,0,0,1,0,1,0,0,0,0,0,0,1,0,1
37,1115,1,4,1,51,2,2,3,5993,2689,1,18,3,3,1,7,2,4,7,5,0,7,749.125,0.875,0.875,0,1,1,0,1,0,0,0,0,1,0,0,0,1,0,0,0,0,0,0,0
32,1259,2,4,4,95,3,1,2,1393,24852,1,12,3,1,0,1,2,3,1,0,0,0,696.5,0.5,0.0,0,1,1,0,1,0,0,0,0,1,0,1,0,0,0,0,0,0,0,1,0
24,381,9,3,2,89,3,1,1,3172,16998,2,11,3,3,0,4,2,2,0,0,0,0,634.4,0.0,0.0,1,0,1,0,0,0,1,0,0,1,0,1,0,0,0,0,0,0,0,1,1
28,1117,8,2,4,66,3,1,4,3310,4488,1,21,4,4,0,5,3,3,5,3,0,2,551.6666666666666,0.8333333333333334,0.3333333333333333,0,1,1,0,1,0,0,0,0,0,0,0,0,0,0,1,0,0,0,1,0
34,967,16,4,4,85,1,1,1,2307,14460,1,23,4,2,1,5,2,3,5,2,3,0,384.5,0.8333333333333334,0.0,0,0,1,0,0,0,0,0,1,1,0,0,0,0,0,1,0,0,1,0,1
29,598,9,3,3,91,4,1,3,2451,22376,6,18,3,1,2,5,2,2,1,0,0,0,408.5,0.16666666666666666,0.0,0,1,1,0,1,0,0,0,0,1,0,0,0,0,0,1,0,0,1,0,0
45,788,24,4,2,36,3,1,2,2177,8318,1,16,3,1,0,6,3,3,6,3,0,4,311.0,0.8571428571428571,0.5714285714285714,0,1,0,0,0,0,1,0,0,1,1,0,0,0,0,0,0,0,0,1,0
30,879,9,2,3,72,3,2,3,4695,12858,7,18,3,3,0,10,3,3,8,4,1,7,426.8181818181818,0.7272727272727273,0.7777777777777778,0,0,1,0,0,0,1,0,0,0,0,0,0,1,0,0,0,0,0,1,1
24,813,1,3,2,61,3,1,4,2293,3020,2,16,3,1,1,6,2,2,2,0,2,0,327.57142857142856,0.2857142857142857,0.0,0,1,1,0,0,0,1,0,0,1,0,0,0,0,0,1,0,0,1,0,1
31,408,9,4,3,42,2,1,2,2657,7551,0,16,3,4,0,3,5,3,2,2,2,2,664.25,0.5,0.6666666666666666,0,1,1,0,1,0,0,0,0,1,0,0,0,0,0,1,0,0,0,1,1
54,1147,3,3,4,52,3,2,1,5940,17011,2,14,3,4,1,16,4,3,6,2,0,5,349.4117647058824,0.35294117647058826,0.7142857142857143,0,1,0,1,0,1,0,0,0,0,0,0,0,0,0,0,1,0,1,0,0
37,228,6,4,3,98,3,2,4,6502,22825,4,14,3,2,1,7,5,4,5,4,0,1,812.75,0.625,0.16666666666666666,0,1,0,1,0,0,1,0,0,1,0,0,0,0,0,0,1,0,1,0,0
35,464,4,2,3,75,3,1,4,1951,10910,1,12,3,3,1,1,3,3,1,0,0,0,975.5,0.5,0.0,0,1,1,0,0,0,0,1,0,1,0,1,0,0,0,0,0,0,0,0,0
60,370,1,4,3,92,1,3,4,10883,20467,3,20,4,3,1,19,2,4,1,0,0,0,544.15,0.05,0.0,0,1,1,0,0,0,1,0,0,1,0,0,0,0,0,0,0,0,0,0,0
36,917,6,4,3,60,1,1,3,2741,6865,1,14,3,3,1,7,4,3,7,7,1,7,342.625,0.875,0.875,0,1,1,0,1,0,0,0,0,1,0,1,0,0,0,0,0,0,0,0,0
39,722,24,1,2,60,2,4,4,12031,8828,0,11,3,1,1,21,2,2,20,9,9,6,546.8636363636364,0.9090909090909091,0.2857142857142857,0,1,0,1,0,1,0,0,0,0,0,0,0,0,0,0,1,0,1,0,0
29,153,15,2,4,49,2,2,3,4193,12682,0,12,3,4,0,10,3,3,9,5,0,8,381.1818181818182,0.8181818181818182,0.8,0,1,1,0,1,0,0,0,0,0,0,1,0,0,0,0,0,0,0,1,1
27,1115,3,4,1,54,2,1,4,2045,15174,0,13,3,4,0,5,0,3,4,2,1,1,340.8333333333333,0.6666666666666666,0.2,0,1,1,0,0,0,1,0,0,1,0,0,0,0,0,1,0,0,0,1,0
38,770,10,4,3,73,2,3,3,8740,5569,0,14,3,2,2,9,2,3,8,7,2,7,874.0,0.8,0.7777777777777778,0,1,0,1,0,1,0,0,0,1,0,0,0,0,0,0,1,0,0,0,1
42,458,26,5,1,60,3,3,1,13191,23281,3,17,3,3,0,20,6,3,1,0,0,0,628.1428571428571,0.047619047619047616,0.0,1,0,1,0,0,0,1,0,0,0,0,0,0,0,1,0,0,0,1,0,1
59,1324,3,3,3,81,4,1,1,2670,9964,4,20,4,1,3,12,3,2,1,0,0,0,205.3846153846154,0.07692307692307693,0.0,0,1,1,0,0,0,1,0,0,0,0,1,0,0,0,0,0,0,1,0,1
42,469,2,2,4,35,3,4,1,17665,14399,0,17,3,4,1,23,3,3,22,6,13,7,736.0416666666666,0.9166666666666666,0.30434782608695654,0,1,1,0,0,0,1,0,0,1,0,0,1,0,0,0,0,0,1,0,0
26,1330,21,3,1,37,3,1,3,2377,19373,1,20,4,3,1,1,0,2,1,1,0,0,1188.5,0.5,0.0,0,1,1,0,0,0,1,0,0,1,0,1,0,0,0,0,0,0,0,0,0
41,483,6,3,4,95,2,2,2,6032,10110,6,15,3,4,0,8,3,3,5,4,1,2,670.2222222222222,0.5555555555555556,0.3333333333333333,0,1,1,0,0,0,1,0,0,1,0,0,0,1,0,0,0,0,0,1,1
35,144,22,3,4,46,1,1,3,4230,19225,0,15,3,3,0,6,2,3,5,4,4,3,604.2857142857143,0.7142857142857143,0.5,0,1,1,0,1,0,0,0,0,1,0,1,0,0,0,0,0,0,0,1,0
57,593,1,4,4,88,3,2,3,6755,2967,2,11,3,3,0,15,2,3,3,2,1,2,422.1875,0.1875,0.5,0,1,1,0,0,0,1,0,0,1,0,0,0,0,0,0,0,0,1,0,0
31,1062,24,3,3,96,2,2,1,6812,17198,1,19,3,2,0,10,2,3,10,9,1,8,619.2727272727273,0.9090909090909091,0.7272727272727273,0,1,1,0,0,0,1,0,0,0,0,0,0,0,0,0,0,0,0,1,0
59,1420,2,4,3,32,2,5,4,18844,21922,9,21,4,4,1,30,3,3,3,2,2,2,607.8709677419355,0.0967741935483871,0.5,0,0,0,0,0,0,0,0,0,0,0,0,1,0,0,0,0,0,1,0,0
34,943,9,3,4,86,3,3,4,8500,5494,0,11,3,4,1,10,0,2,9,7,1,6,772.7272727272727,0.8181818181818182,0.6,0,1,1,0,1,0,0,0,0,1,0,0,0,0,0,0,0,0,0,0,0
40,905,19,2,3,99,3,2,4,2741,16523,8,15,3,3,1,15,2,4,7,2,3,7,171.3125,0.4375,0.875,0,1,1,0,0,0,1,0,0,1,0,1,0,0,0,0,0,0,1,0,1
34,618,3,1,1,45,3,2,4,7756,22266,0,17,3,3,0,7,1,2,6,2,0,4,969.5,0.75,0.5714285714285714,1,0,1,0,1,0,0,0,0,1,0,0,0,0,0,0,0,0,0,1,0
41,840,9,3,1,64,3,5,3,19419,3735,2,17,3,2,1,21,2,4,18,16,0,11,882.6818181818181,0.8181818181818182,0.5789473684210527,1,0,1,0,0,0,1,0,0,1,0,0,0,0,1,0,0,0,0,0,0
35,1204,4,3,4,86,3,3,1,9582,10333,0,22,4,1,0,9,2,3,8,7,4,7,958.2,0.8,0.7777777777777778,0,1,0,1,0,0,0,0,1,1,0,0,0,0,0,0,1,0,0,1,1
35,1315,22,3,2,71,4,3,2,11996,19100,7,18,3,2,1,10,6,2,7,7,6,2,1090.5454545454545,0.6363636363636364,0.25,0,1,1,0,1,0,0,0,0,0,0,0,1,0,0,0,0,0,0,0,0
35,1219,18,3,3,86,3,2,3,4601,6179,1,16,3,2,0,5,3,3,5,2,1,0,766.8333333333334,0.8333333333333334,0.0,0,1,0,1,0,0,1,0,0,0,0,0,0,0,0,0,1,0,1,0,0
25,675,5,2,2,85,4,2,1,4000,18384,1,12,3,4,2,6,2,3,6,3,1,5,571.4285714285714,0.8571428571428571,0.7142857142857143,0,0,1,0,1,0,0,0,0,1,0,0,0,0,0,0,0,0,0,0,0
49,1495,5,4,1,96,3,2,3,6651,21534,2,14,3,2,1,20,0,2,3,2,1,2,316.7142857142857,0.14285714285714285,0.5,0,1,1,0,0,0,0,0,1,1,0,0,0,0,0,0,0,0,1,0,0
36,1266,10,4,2,63,2,2,3,5673,6060,1,13,3,1,1,10,4,3,10,9,1,7,515.7272727272727,0.9090909090909091,0.6363636363636364,0,1,0,1,0,0,0,0,1,0,0,0,0,0,0,0,1,0,1,0,1
26,471,24,3,3,66,1,1,4,2340,23213,1,18,3,2,0,1,3,1,1,0,0,0,1170.0,0.5,0.0,0,1,1,0,0,0,0,0,1,1,0,1,0,0,0,0,0,0,0,1,1
58,682,10,4,4,37,3,4,3,13872,24409,0,13,3,3,0,38,1,2,37,10,1,8,355.6923076923077,0.9487179487179487,0.21052631578947367,0,1,0,1,0,0,1,0,0,1,0,0,0,0,0,0,1,0,0,1,0
27,1242,20,3,4,90,3,2,3,9981,12916,1,14,3,4,0,7,2,3,7,7,0,7,1247.625,0.875,0.875,1,0,0,1,1,0,0,0,0,0,0,0,0,0,0,0,1,0,0,1,0
42,603,7,4,2,78,4,2,2,2372,5628,6,16,3,4,0,18,2,3,1,0,0,0,124.84210526315789,0.05263157894736842,0.0,0,1,1,0,0,0,1,0,0,0,0,0,0,0,0,1,0,0,1,0,1
29,1210,2,3,1,78,2,2,2,6644,3687,2,19,3,2,2,10,2,3,0,0,0,0,604.0,0.0,0.0,0,1,0,1,0,0,1,0,0,1,0,0,0,0,0,0,1,0,1,0,0
27,1055,2,4,1,47,3,2,4,4227,4658,0,18,3,2,1,4,2,3,3,2,2,2,845.4,0.6,0.5,0,1,1,0,1,0,0,0,0,0,0,0,0,1,0,0,0,0,1,0,0
42,1128,13,3,2,95,4,2,1,5538,5696,5,18,3,3,2,10,2,2,0,0,0,0,503.45454545454544,0.0,0.0,0,1,1,0,0,0,1,0,0,1,0,0,0,0,0,0,0,0,1,0,0
30,413,7,1,4,57,3,1,2,2983,18398,0,14,3,1,0,4,3,3,3,2,1,2,596.6,0.6,0.5,0,1,0,1,0,1,0,0,0,1,0,0,0,0,0,0,0,1,0,1,0
20,959,1,3,4,83,2,1,2,2836,11757,1,13,3,4,0,1,0,4,1,0,0,0,1418.0,0.5,0.0,0,1,1,0,1,0,0,0,0,0,0,0,0,0,0,1,0,0,0,1,0
32,1005,2,2,4,79,3,1,4,3068,11864,0,13,3,3,0,8,2,2,7,7,3,6,340.8888888888889,0.7777777777777778,0.75,1,0,1,0,1,0,0,0,0,1,0,1,0,0,0,0,0,0,0,1,0
21,251,10,2,1,45,2,1,3,2625,25308,1,20,4,3,0,2,2,1,2,2,2,2,875.0,0.6666666666666666,0.6666666666666666,1,0,1,0,1,0,0,0,0,0,0,1,0,0,0,0,0,0,0,1,0
27,793,2,1,4,43,1,2,4,5071,20392,3,20,4,2,0,8,3,3,6,2,0,0,563.4444444444445,0.6666666666666666,0.0,1,0,0,1,1,0,0,0,0,1,0,0,0,0,0,0,1,0,0,1,0
18,1306,5,3,2,69,3,1,2,1878,8059,1,14,3,4,0,0,3,3,0,0,0,0,1878.0,0.0,0.0,1,0,0,1,0,1,0,0,0,1,0,0,0,0,0,0,0,1,0,1,1
18,230,3,3,3,54,3,1,3,1420,25233,1,13,3,3,0,0,2,3,0,0,0,0,1420.0,0.0,0.0,0,1,1,0,1,0,0,0,0,1,0,1,0,0,0,0,0,0,0,1,0
30,1334,4,2,3,63,2,2,2,5209,19760,1,12,3,2,3,11,4,2,11,8,2,7,434.0833333333333,0.9166666666666666,0.5833333333333334,0,1,0,1,0,0,1,0,0,0,0,0,0,0,0,0,1,0,0,0,1
41,548,9,4,3,94,3,1,1,2289,20520,1,20,4,2,2,5,2,3,5,3,0,4,381.5,0.8333333333333334,0.6666666666666666,0,1,1,0,1,0,0,0,0,1,0,1,0,0,0,0,0,0,0,0,0
28,1496,1,3,1,92,3,1,3,2909,15747,3,15,3,4,1,5,3,4,3,2,1,2,484.8333333333333,0.5,0.5,1,0,0,1,0,0,0,0,1,1,0,0,0,0,0,0,0,1,1,0,0
30,852,1,1,4,55,2,2,4,5126,15998,1,12,3,3,2,10,1,2,10,8,3,0,466.0,0.9090909090909091,0.0,0,1,1,0,1,0,0,0,0,1,0,1,0,0,0,0,0,0,1,0,1
21,1334,10,3,3,36,2,1,1,1416,17258,1,13,3,1,0,1,6,2,1,0,1,0,708.0,0.5,0.0,0,1,1,0,1,0,0,0,0,0,0,1,0,0,0,0,0,0,0,1,0
36,660,15,3,1,81,3,2,3,4834,7858,7,14,3,2,1,9,3,2,1,0,0,0,483.4,0.1,0.0,0,1,1,0,0,0,0,1,0,1,0,1,0,0,0,0,0,0,0,0,0
32,967,8,3,2,43,3,3,4,8998,15589,1,14,3,4,0,9,2,3,9,8,3,7,899.8,0.9,0.7,1,0,0,1,0,1,0,0,0,0,0,0,0,0,0,0,1,0,0,1,0
38,1391,10,1,3,66,3,1,3,2684,12127,0,17,3,2,1,3,0,2,2,1,0,2,671.0,0.5,0.6666666666666666,1,0,1,0,0,0,1,0,0,1,0,0,0,0,0,1,0,0,1,0,0
32,801,1,4,3,48,3,3,4,10422,24032,1,19,3,3,2,14,3,3,14,10,5,7,694.8,0.9333333333333333,0.4666666666666667,0,1,0,1,0,1,0,0,0,0,0,0,0,0,0,0,1,0,1,0,0
27,1297,5,2,4,53,3,1,4,2379,19826,0,14,3,3,0,6,3,2,5,4,0,2,339.85714285714283,0.7142857142857143,0.3333333333333333,1,0,1,0,1,0,0,0,0,0,0,1,0,0,0,0,0,0,0,1,1
29,144,10,1,4,39,2,2,2,8268,11866,1,14,3,1,2,7,2,3,7,7,1,7,1033.5,0.875,0.875,0,1,0,1,0,1,0,0,0,0,0,0,0,0,0,0,1,0,0,0,1
29,1328,2,3,3,76,3,1,2,2703,4956,0,23,4,4,1,6,3,3,5,4,0,4,386.14285714285717,0.7142857142857143,0.6666666666666666,0,1,1,0,1,0,0,0,0,1,0,0,0,0,0,1,0,0,1,0,0
33,213,7,3,3,49,3,3,3,11691,25995,0,11,3,4,0,14,3,4,13,9,3,7,779.4,0.8666666666666667,0.5,0,1,1,0,0,0,1,0,0,1,0,0,0,0,1,0,0,0,1,0,0
50,264,9,3,3,59,3,5,3,19331,19519,4,16,3,3,1,27,2,3,1,0,0,0,690.3928571428571,0.03571428571428571,0.0,0,1,0,1,0,1,0,0,0,1,0,0,1,0,0,0,0,0,1,0,1
32,427,1,3,1,33,3,2,4,6162,10877,1,22,4,2,1,9,3,3,9,8,7,8,616.2,0.9,0.8,0,1,1,0,0,0,1,0,0,1,0,0,0,1,0,0,0,0,1,0,1
36,1383,10,3,4,90,3,3,1,8321,25949,7,13,3,4,1,15,1,3,12,8,5,7,520.0625,0.75,0.5384615384615384,0,1,1,0,1,0,0,0,0,1,0,0,0,0,0,0,0,0,1,0,1
36,1351,26,4,1,80,3,2,3,5347,7419,6,14,3,2,2,10,2,2,3,2,0,2,486.09090909090907,0.2727272727272727,0.5,0,1,1,0,1,0,0,0,0,1,0,0,0,0,0,0,0,0,1,0,0
38,322,7,2,1,44,4,2,1,5605,19191,1,24,4,3,1,8,3,3,8,0,7,7,622.7777777777778,0.8888888888888888,0.7777777777777778,0,1,0,1,0,0,1,0,0,0,0,0,0,0,0,0,1,0,0,0,1
55,267,13,4,1,85,4,4,3,13695,9277,6,17,3,3,0,24,2,2,19,7,3,8,547.8,0.76,0.4,0,1,0,1,0,1,0,0,0,1,0,0,0,0,0,0,1,0,0,1,1
30,201,5,3,4,84,3,1,1,3204,10415,5,14,3,4,1,8,3,3,3,2,2,2,356.0,0.3333333333333333,0.5,0,1,1,0,0,0,0,0,1,0,0,0,0,0,0,1,0,0,0,0,0
45,1195,2,2,1,65,2,4,4,16792,20462,9,23,4,4,1,22,1,3,20,8,11,8,730.0869565217391,0.8695652173913043,0.38095238095238093,0,0,1,0,0,0,1,0,0,1,0,0,1,0,0,0,0,0,1,0,0
37,1107,14,3,4,95,3,1,1,3034,26914,1,12,3,3,1,18,2,2,18,7,12,17,159.68421052631578,0.9473684210526315,0.8947368421052632,0,1,1,0,1,0,0,0,0,0,0,1,0,0,0,0,0,0,0,0,0
51,1302,2,3,4,84,1,2,2,5482,16321,5,18,3,4,1,13,3,3,4,1,1,2,391.57142857142856,0.2857142857142857,0.4,0,1,1,0,0,0,1,0,0,1,0,0,0,1,0,0,0,0,0,0,0
30,1329,29,4,3,61,3,2,1,4115,13192,8,19,3,3,3,8,3,3,4,3,0,3,457.22222222222223,0.4444444444444444,0.6,0,1,0,1,1,0,0,0,0,1,0,0,0,0,0,0,1,0,0,0,0
29,121,27,3,2,35,3,3,4,7639,24525,1,22,4,4,3,10,3,2,10,4,1,9,694.4545454545455,0.9090909090909091,0.8181818181818182,0,1,0,1,0,1,0,0,0,0,0,0,0,0,0,0,1,0,1,0,0
32,499,2,1,3,36,3,2,2,4078,20497,0,13,3,1,3,4,3,2,3,2,1,2,815.6,0.6,0.5,0,1,0,1,0,1,0,0,0,1,0,0,0,0,0,0,1,0,1,0,1
39,835,19,4,4,41,3,2,4,3902,5141,8,14,3,2,3,7,2,3,2,2,2,2,487.75,0.25,0.6666666666666666,0,1,1,0,0,0,0,1,0,1,0,0,0,0,0,1,0,0,0,0,0
37,1439,4,1,3,54,3,1,3,2996,5182,7,15,3,4,0,8,2,3,6,4,1,3,332.8888888888889,0.6666666666666666,0.42857142857142855,0,1,1,0,1,0,0,0,0,1,0,0,0,0,0,1,0,0,1,0,1
36,188,7,4,2,65,3,1,4,4678,23293,2,18,3,3,0,8,6,3,6,2,0,1,519.7777777777778,0.6666666666666666,0.14285714285714285,0,1,1,0,0,0,0,1,0,1,0,0,0,0,0,1,0,0,0,1,0
38,1333,1,3,4,80,3,3,1,13582,16292,1,13,3,2,1,15,3,3,15,12,5,11,848.875,0.9375,0.6875,0,1,1,0,0,0,0,0,1,0,0,0,0,0,1,0,0,0,1,0,0
48,1221,7,3,3,96,3,2,1,5486,24795,4,11,3,1,3,15,3,3,2,2,2,2,342.875,0.125,0.6666666666666666,0,1,0,1,0,1,0,0,0,1,0,0,0,0,0,0,1,0,0,0,0
26,575,1,2,1,71,1,1,4,4364,5288,3,14,3,1,1,5,2,3,2,2,2,0,727.3333333333334,0.3333333333333333,0.0,1,0,1,0,1,0,0,0,0,0,0,1,0,0,0,0,0,0,0,0,0
33,931,14,3,4,72,3,1,2,2756,4673,1,13,3,4,1,8,5,3,8,7,1,6,306.22222222222223,0.8888888888888888,0.6666666666666666,0,1,1,0,0,0,1,0,0,0,0,0,0,0,0,1,0,0,1,0,0
57,334,24,2,3,83,4,3,4,9439,23402,3,16,3,2,1,12,2,1,5,3,1,4,726.0769230769231,0.38461538461538464,0.6666666666666666,0,1,1,0,1,0,0,0,0,1,0,0,0,0,0,0,0,0,0,0,1
38,148,2,3,4,42,2,1,2,2440,23826,1,22,4,2,0,4,3,3,4,3,3,3,488.0,0.8,0.6,1,0,1,0,0,0,1,0,0,0,0,1,0,0,0,0,0,0,0,1,0
42,1147,10,3,3,31,3,4,1,16799,16616,0,14,3,3,1,21,5,3,20,7,0,9,763.5909090909091,0.9090909090909091,0.42857142857142855,0,1,0,0,0,0,0,0,0,0,0,0,1,0,0,0,0,0,1,0,0
36,541,3,4,1,48,2,3,4,9699,7246,4,11,3,1,1,16,2,3,13,9,1,12,570.5294117647059,0.7647058823529411,0.8571428571428571,1,0,0,1,0,0,1,0,0,1,0,0,0,0,0,0,1,0,1,0,0
51,237,9,3,4,83,3,5,2,19847,19196,4,24,4,1,1,31,5,2,29,10,11,10,620.21875,0.90625,0.3333333333333333,1,0,0,1,1,0,0,0,0,1,0,0,1,0,0,0,0,0,0,0,1
45,1249,7,3,1,97,3,3,1,5210,20308,1,18,3,1,1,24,2,3,24,9,9,11,208.4,0.96,0.44,1,0,1,0,1,0,0,0,0,1,0,1,0,0,0,0,0,0,0,0,0
40,1322,2,4,3,52,2,1,3,2809,2725,2,14,3,4,0,8,2,3,2,2,2,2,312.1111111111111,0.2222222222222222,0.6666666666666666,0,1,1,0,1,0,0,0,0,1,0,0,0,0,0,1,0,0,0,1,0
43,1372,9,3,1,85,1,2,3,5346,9489,8,13,3,2,0,7,2,2,4,3,1,3,668.25,0.5,0.6,0,1,0,1,0,1,0,0,0,0,0,0,0,0,0,0,1,0,0,1,0
35,1142,23,4,3,30,3,1,1,4014,16002,3,15,3,3,1,4,3,3,2,2,2,2,802.8,0.4,0.6666666666666666,0,1,1,0,0,0,1,0,0,0,0,1,0,0,0,0,0,0,1,0,1
26,583,4,2,3,53,3,1,4,2875,9973,1,20,4,2,0,8,2,2,8,5,2,2,319.44444444444446,0.8888888888888888,0.2222222222222222,0,1,1,0,1,0,0,0,0,1,0,0,0,0,0,1,0,0,0,1,1
31,163,24,1,4,30,3,2,4,5238,6670,2,20,4,4,0,9,3,2,5,4,1,4,523.8,0.5,0.6666666666666666,1,0,1,0,0,0,0,0,1,0,0,0,0,1,0,0,0,0,0,1,0
37,161,10,3,3,42,4,3,4,13744,15471,1,25,4,1,1,16,2,3,16,11,6,8,808.4705882352941,0.9411764705882353,0.47058823529411764,0,1,1,0,1,0,0,0,0,0,0,0,0,0,1,0,0,0,1,0,1
34,507,15,2,3,66,3,2,1,6125,23553,1,12,3,4,0,10,6,4,10,8,9,6,556.8181818181819,0.9090909090909091,0.5454545454545454,0,1,0,1,0,0,1,0,0,0,0,0,0,0,0,0,1,0,0,1,0
53,970,7,3,3,59,4,4,3,14814,13514,3,19,3,3,0,32,3,3,5,1,1,3,448.90909090909093,0.15151515151515152,0.5,0,1,1,0,1,0,0,0,0,1,0,0,0,0,1,0,0,0,1,0,0
40,611,7,4,2,88,3,5,2,19833,4349,1,14,3,2,0,21,3,2,21,8,12,8,901.5,0.9545454545454546,0.36363636363636365,0,1,0,1,0,0,1,0,0,1,0,0,1,0,0,0,0,0,0,1,0
47,1093,9,3,3,82,1,4,3,12936,24164,7,11,3,3,0,25,3,1,23,5,14,10,497.53846153846155,0.8846153846153846,0.4166666666666667,1,0,0,1,1,0,0,0,0,1,0,0,0,0,0,0,1,0,1,0,0
30,641,25,2,4,85,3,2,3,4736,6069,7,12,3,2,1,4,2,4,2,2,2,2,947.2,0.4,0.6666666666666666,0,0,0,1,0,0,0,0,1,0,0,0,0,0,0,0,1,0,1,0,1
31,154,7,4,2,41,2,1,3,2329,11737,3,15,3,2,0,13,2,4,7,7,5,2,166.35714285714286,0.5,0.25,0,1,0,1,1,0,0,0,0,1,0,0,0,0,0,0,0,1,1,0,0
52,621,3,4,3,31,2,4,1,16856,10084,1,11,3,1,0,34,3,4,34,6,1,16,481.6,0.9714285714285714,0.45714285714285713,0,1,0,1,0,1,0,0,0,1,0,0,1,0,0,0,0,0,1,0,0
26,1479,1,3,3,84,3,2,2,6397,26767,1,20,4,1,1,6,6,1,6,5,1,4,913.8571428571429,0.8571428571428571,0.5714285714285714,1,0,1,0,1,0,0,0,0,0,0,0,0,1,0,0,0,0,0,0,0
44,602,1,5,1,37,3,2,4,5743,10503,4,11,3,3,0,14,3,3,10,7,0,2,382.8666666666667,0.6666666666666666,0.18181818181818182,1,0,0,0,0,0,0,0,0,1,1,0,0,0,0,0,0,0,1,0,1
45,930,9,3,4,74,3,3,1,10761,19239,4,12,3,3,1,18,2,3,5,4,0,2,566.3684210526316,0.2631578947368421,0.3333333333333333,0,1,0,1,0,1,0,0,0,1,0,0,0,0,0,0,1,0,0,0,1
20,1097,11,3,4,98,2,1,1,2600,18275,1,15,3,1,0,1,2,3,1,0,0,0,1300.0,0.5,0.0,0,1,1,0,0,0,1,0,0,0,0,0,0,0,0,1,0,0,0,1,1
28,440,21,3,3,42,3,1,4,2713,6672,1,11,3,3,1,5,2,1,5,2,0,2,452.1666666666667,0.8333333333333334,0.3333333333333333,0,1,1,0,0,0,1,0,0,1,0,0,0,0,0,1,0,0,1,0,0
39,1498,21,4,1,44,2,2,4,6120,3567,3,12,3,4,2,8,2,4,5,4,1,4,680.0,0.5555555555555556,0.6666666666666666,0,1,0,1,1,0,0,0,0,1,0,0,0,0,0,0,1,0,1,0,1
37,671,19,3,3,85,3,2,3,5768,26493,3,17,3,1,3,9,2,2,4,3,0,2,576.8,0.4,0.4,0,1,1,0,1,0,0,0,0,1,0,0,0,1,0,0,0,0,1,0,0
31,1112,5,4,1,67,3,2,4,5476,22589,1,11,3,1,2,10,2,3,10,0,0,2,497.8181818181818,0.9090909090909091,0.18181818181818182,0,1,0,1,1,0,0,0,0,0,0,0,0,0,0,0,1,0,1,0,0
34,121,2,4,3,86,2,1,1,4381,7530,1,11,3,3,0,6,3,3,6,5,1,3,625.8571428571429,0.8571428571428571,0.42857142857142855,0,1,1,0,0,0,1,0,0,0,0,0,0,0,0,1,0,0,0,1,0
37,446,1,4,2,65,3,2,2,6447,15701,6,12,3,2,1,8,2,2,6,5,4,3,716.3333333333334,0.6666666666666666,0.42857142857142855,0,1,1,0,1,0,0,0,0,0,0,0,0,1,0,0,0,0,1,0,0
28,640,1,3,4,84,3,1,1,2080,4732,2,11,3,2,0,5,2,2,3,2,1,2,346.6666666666667,0.5,0.5,0,1,1,0,0,0,0,0,1,1,0,0,0,0,0,1,0,0,0,1,0
31,691,5,4,3,86,3,1,4,4821,10077,0,12,3,3,1,6,4,3,5,2,0,3,688.7142857142857,0.7142857142857143,0.5,0,1,1,0,0,0,0,0,1,1,0,0,0,0,0,1,0,0,1,0,1
50,1322,28,3,4,43,3,4,1,16880,22422,4,11,3,2,0,25,2,3,3,2,1,2,649.2307692307693,0.11538461538461539,0.5,0,1,1,0,1,0,0,0,0,0,0,0,0,0,1,0,0,0,1,0,1
43,807,17,3,3,38,2,1,3,2437,15587,9,16,3,4,1,6,4,3,1,0,0,0,348.14285714285717,0.14285714285714285,0.0,1,0,1,0,0,0,0,0,1,1,0,0,0,0,0,1,0,0,1,0,1
27,1420,2,1,3,85,3,1,1,3041,16346,0,11,3,2,1,5,3,3,4,3,0,2,506.8333333333333,0.6666666666666666,0.4,0,1,0,1,0,1,0,0,0,1,0,0,0,0,0,0,0,1,0,0,0
45,1268,4,2,3,30,3,2,1,5006,6319,4,11,3,1,1,9,3,4,5,4,0,3,500.6,0.5,0.5,0,1,0,1,1,0,0,0,0,0,0,0,0,0,0,0,1,0,0,0,1
54,142,26,3,4,30,4,4,4,17328,13871,2,12,3,3,0,23,3,3,5,3,4,4,722.0,0.20833333333333334,0.6666666666666666,0,0,0,0,0,0,0,0,0,0,0,0,1,0,0,0,0,0,0,1,1
35,1490,11,4,4,43,3,1,3,2660,20232,7,11,3,3,1,5,3,3,2,2,2,2,443.3333333333333,0.3333333333333333,0.6666666666666666,0,1,1,0,0,0,1,0,0,1,0,1,0,0,0,0,0,0,1,0,1
30,231,8,2,3,62,3,3,3,7264,9977,5,11,3,1,1,10,2,4,8,4,7,7,660.3636363636364,0.7272727272727273,0.7777777777777778,0,1,0,1,0,0,0,1,0,1,0,0,0,0,0,0,1,0,0,0,0
22,457,26,2,2,85,2,1,3,2814,10293,1,14,3,2,0,4,2,2,4,2,1,3,562.8,0.8,0.6,0,0,1,0,0,0,0,1,0,0,0,0,0,0,0,1,0,0,1,0,1
55,189,26,4,3,71,4,5,2,19636,25811,4,18,3,1,1,35,0,3,10,9,1,4,545.4444444444445,0.2777777777777778,0.36363636363636365,0,1,0,0,0,0,0,0,0,1,0,0,1,0,0,0,0,0,1,0,1
54,431,7,4,4,68,3,2,4,6854,15696,4,15,3,2,1,14,2,2,7,1,1,7,456.93333333333334,0.4666666666666667,0.875,0,1,1,0,0,0,1,0,0,0,0,0,0,0,0,1,0,0,1,0,0
31,979,1,4,3,90,1,2,3,4345,4381,0,12,3,4,1,6,2,3,5,4,1,4,620.7142857142857,0.7142857142857143,0.6666666666666666,0,0,1,0,0,0,1,0,0,1,0,0,0,1,0,0,0,0,1,0,0
20,500,2,3,3,49,2,1,3,2044,22052,1,13,3,4,0,2,3,2,2,2,0,2,681.3333333333334,0.6666666666666666,0.6666666666666666,0,1,0,1,0,0,1,0,0,0,0,0,0,0,0,0,0,1,0,1,0
49,279,8,1,3,61,2,2,2,5130,24907,1,23,4,4,1,10,3,3,10,7,1,7,466.3636363636364,0.9090909090909091,0.6363636363636364,1,0,1,0,1,0,0,0,0,1,0,0,0,0,0,1,0,0,1,0,0
37,1063,25,5,2,72,3,2,3,4449,23866,3,15,3,1,2,15,2,3,13,11,10,7,278.0625,0.8125,0.5,0,0,1,0,0,0,1,0,0,0,0,0,0,0,0,1,0,0,1,0,1
25,977,2,1,4,57,3,1,3,3977,7298,6,19,3,3,1,7,2,2,2,2,0,2,497.125,0.25,0.6666666666666666,0,1,1,0,0,0,0,1,0,1,0,1,0,0,0,0,0,0,0,0,1
29,1370,3,1,2,87,3,1,1,4723,16213,1,18,3,4,0,10,3,3,10,9,1,5,429.3636363636364,0.9090909090909091,0.45454545454545453,0,1,1,0,0,0,1,0,0,1,0,1,0,0,0,0,0,0,0,1,1
28,1172,3,3,2,78,3,1,2,2856,3692,1,19,3,4,1,1,3,3,1,0,0,0,1428.0,0.5,0.0,0,1,0,1,0,0,1,0,0,0,0,0,0,0,0,0,0,1,1,0,0
41,465,14,3,1,56,3,1,3,2451,4609,4,12,3,1,1,13,2,3,9,8,1,8,175.07142857142858,0.6428571428571429,0.8,0,1,1,0,1,0,0,0,0,1,0,0,0,0,0,1,0,0,0,0,0
31,1188,20,2,4,45,3,2,3,6932,24406,1,13,3,4,1,9,2,2,9,8,0,0,693.2,0.9,0.0,0,0,0,1,0,1,0,0,0,0,0,0,0,0,0,0,1,0,1,0,0
30,1358,16,1,4,96,3,2,3,5301,2939,8,15,3,3,2,4,2,2,2,1,2,2,1060.2,0.4,0.6666666666666666,0,1,0,1,1,0,0,0,0,1,0,0,0,0,0,0,1,0,1,0,0
36,635,18,1,2,73,3,1,4,2153,7703,1,13,3,1,0,8,2,3,8,1,1,7,239.22222222222223,0.8888888888888888,0.7777777777777778,1,0,1,0,0,0,1,0,0,0,0,1,0,0,0,0,0,0,0,1,0
54,685,3,3,4,85,3,4,4,17779,23474,3,14,3,1,0,36,2,3,10,9,0,9,480.5135135135135,0.2702702702702703,0.8181818181818182,0,1,1,0,1,0,0,0,0,1,0,0,0,0,1,0,0,0,1,0,0
38,130,2,2,4,32,3,3,2,7351,20619,7,16,3,3,0,10,2,3,1,0,0,0,668.2727272727273,0.09090909090909091,0.0,0,1,0,1,0,1,0,0,0,1,0,0,0,0,0,0,1,0,0,1,0
38,1261,2,4,4,88,3,2,3,6553,7259,9,14,3,2,0,14,3,3,1,0,0,0,436.8666666666667,0.06666666666666667,0.0,0,1,1,0,1,0,0,0,0,1,0,0,0,1,0,0,0,0,1,0,0
38,216,23,3,4,44,2,3,3,9526,8787,0,21,4,2,0,10,2,3,9,7,1,8,866.0,0.8181818181818182,0.8,1,0,1,0,1,0,0,0,0,1,0,0,0,1,0,0,0,0,0,1,0
28,1179,19,4,4,78,2,1,1,3196,12449,1,12,3,3,3,6,2,3,6,5,3,3,456.57142857142856,0.8571428571428571,0.42857142857142855,0,1,1,0,0,0,1,0,0,1,0,1,0,0,0,0,0,0,1,0,0
34,216,1,4,2,75,4,2,4,9725,12278,0,11,3,4,1,16,2,2,15,1,0,9,572.0588235294117,0.8823529411764706,0.5625,0,1,0,1,0,1,0,0,0,1,0,0,0,0,0,0,1,0,0,0,0
36,845,1,5,4,45,3,2,4,6653,15276,4,15,3,2,0,7,6,3,1,0,0,0,831.625,0.125,0.0,0,0,0,1,0,0,1,0,0,0,0,0,0,0,0,0,1,0,0,1,0
29,459,24,2,4,73,2,1,4,2439,14753,1,24,4,2,0,1,3,2,1,0,1,0,1219.5,0.5,0.0,1,0,1,0,1,0,0,0,0,1,0,0,0,0,0,1,0,0,0,1,1
54,928,20,4,4,31,3,2,3,4869,16885,3,12,3,4,0,20,4,2,4,3,0,3,231.85714285714286,0.19047619047619047,0.6,1,0,1,0,1,0,0,0,0,0,0,0,0,0,0,1,0,0,0,1,0
36,566,18,4,3,81,4,1,4,3688,7122,4,18,3,4,2,4,2,3,1,0,0,0,737.6,0.2,0.0,1,0,1,0,1,0,0,0,0,1,0,1,0,0,0,0,0,0,1,0,0
36,1120,11,4,2,100,2,2,4,6652,14369,4,13,3,1,1,8,2,2,6,3,0,0,739.1111111111111,0.6666666666666666,0.0,0,1,0,1,0,1,0,0,0,0,0,0,0,0,0,0,1,0,1,0,0
32,1200,1,4,4,62,3,2,1,4087,25174,4,14,3,2,1,9,3,2,6,5,1,2,408.7,0.6,0.2857142857142857,0,0,1,0,0,0,0,0,1,1,0,0,0,0,0,1,0,0,1,0,0
60,1179,16,4,1,84,3,2,1,5405,11924,8,14,3,4,0,10,1,3,2,2,2,2,491.3636363636364,0.18181818181818182,0.6666666666666666,0,1,0,1,0,1,0,0,0,1,0,0,0,0,0,0,1,0,0,1,0
33,867,8,4,4,90,4,1,1,3143,6076,6,19,3,2,1,14,1,3,10,8,7,6,209.53333333333333,0.6666666666666666,0.5454545454545454,0,1,1,0,1,0,0,0,0,1,0,0,0,0,0,1,0,0,1,0,0
38,1189,1,3,4,90,3,2,4,4735,9867,7,15,3,4,2,19,4,4,13,11,2,9,236.75,0.65,0.6428571428571429,1,0,1,0,1,0,0,0,0,1,0,0,0,0,0,1,0,0,1,0,0
29,942,15,1,2,69,1,1,4,2168,26933,0,18,3,1,1,6,2,2,5,4,1,3,309.7142857142857,0.7142857142857143,0.5,0,1,1,0,1,0,0,0,0,0,0,0,0,0,0,1,0,0,1,0,1
53,238,1,1,4,34,3,2,1,8381,7507,7,20,4,4,0,18,2,4,14,7,8,10,441.10526315789474,0.7368421052631579,0.6666666666666666,0,1,0,1,0,0,1,0,0,0,0,0,0,0,0,0,1,0,0,1,0
55,147,20,2,2,37,3,2,4,5415,15972,3,19,3,4,1,12,4,3,10,7,0,8,416.53846153846155,0.7692307692307693,0.7272727272727273,0,1,1,0,0,0,0,0,1,1,0,1,0,0,0,0,0,0,1,0,1
50,1046,10,3,4,100,2,3,4,10496,2755,6,15,3,4,0,20,2,3,4,3,1,3,499.8095238095238,0.19047619047619047,0.6,0,1,1,0,0,0,0,0,1,1,0,0,0,0,0,0,0,0,0,1,0
35,1229,8,1,4,36,4,1,4,2269,4892,1,19,3,4,0,1,2,3,1,0,0,1,1134.5,0.5,0.5,0,1,1,0,1,0,0,0,0,1,0,1,0,0,0,0,0,0,1,0,0
46,1254,10,3,3,64,3,3,2,7314,14011,5,21,4,3,3,14,2,3,8,7,0,7,487.6,0.5333333333333333,0.7777777777777778,0,1,0,1,1,0,0,0,0,0,0,0,0,0,0,0,1,0,1,0,0
23,1320,8,1,4,93,2,1,3,3989,20586,1,11,3,1,0,5,2,3,5,4,1,2,664.8333333333334,0.8333333333333334,0.3333333333333333,0,1,1,0,0,0,1,0,0,1,0,1,0,0,0,0,0,0,0,1,1
54,1217,2,4,1,60,3,3,3,13549,24001,9,12,3,1,1,16,5,1,4,3,0,3,797.0,0.23529411764705882,0.6,0,1,1,0,0,0,0,0,1,0,0,0,0,0,1,0,0,0,1,0,0
25,867,19,2,3,36,2,1,2,2413,18798,1,18,3,3,3,1,2,3,1,0,0,0,1206.5,0.5,0.0,0,1,0,1,0,1,0,0,0,1,0,0,0,0,0,0,0,1,1,0,1
28,1158,9,3,4,94,3,1,4,2070,2613,1,23,4,4,1,5,3,2,5,2,0,4,345.0,0.8333333333333334,0.6666666666666666,0,1,1,0,0,0,1,0,0,1,0,0,0,0,0,1,0,0,1,0,0
56,1400,7,3,4,49,1,3,4,7260,21698,4,11,3,1,0,37,3,2,6,4,0,2,191.05263157894737,0.15789473684210525,0.2857142857142857,0,1,1,0,1,0,0,0,0,1,0,0,0,1,0,0,0,0,0,1,0
44,1097,10,4,3,96,3,1,3,2936,10826,1,11,3,3,0,6,4,3,6,4,0,2,419.42857142857144,0.8571428571428571,0.2857142857142857,0,1,1,0,1,0,0,0,0,1,0,0,0,0,0,1,0,0,0,1,1
45,1199,7,4,1,77,4,2,3,6434,5118,4,17,3,4,1,9,1,3,3,2,0,2,643.4,0.3,0.5,1,0,1,0,1,0,0,0,0,1,0,0,0,1,0,0,0,0,1,0,0
38,152,10,3,3,85,3,2,4,5666,19899,1,13,3,2,0,6,1,3,5,3,1,3,809.4285714285714,0.7142857142857143,0.5,0,0,0,1,0,0,0,0,1,0,0,0,0,0,0,0,1,0,0,1,1
48,1108,15,4,3,65,3,1,1,2367,16530,8,12,3,4,1,10,3,2,8,2,7,6,215.1818181818182,0.7272727272727273,0.6666666666666666,0,1,1,0,0,0,0,1,0,0,0,0,0,0,0,1,0,0,1,0,0
33,1216,8,4,3,39,3,2,3,7104,20431,0,12,3,4,0,6,3,3,5,0,1,2,1014.8571428571429,0.7142857142857143,0.3333333333333333,0,1,0,1,0,1,0,0,0,1,0,0,0,0,0,0,1,0,0,0,0
40,580,5,4,4,48,2,3,1,10475,23772,5,21,4,3,1,20,2,3,18,13,1,12,498.8095238095238,0.8571428571428571,0.631578947368421,1,0,0,1,1,0,0,0,0,1,0,0,0,0,0,0,1,0,1,0,1
38,1180,29,1,2,70,3,2,1,6673,11354,7,19,3,2,0,17,2,3,1,0,0,0,370.72222222222223,0.05555555555555555,0.0,0,1,1,0,0,0,1,0,0,1,0,0,0,0,0,0,0,0,1,0,1
41,930,3,3,3,57,2,2,2,8938,12227,2,11,3,3,1,14,5,3,5,4,0,4,595.8666666666667,0.3333333333333333,0.6666666666666666,0,1,0,1,1,0,0,0,0,1,0,0,0,0,0,0,1,0,0,0,0
39,170,3,2,3,76,2,2,3,3069,10302,0,15,3,4,1,11,3,3,10,8,0,7,255.75,0.8333333333333334,0.6363636363636364,0,1,1,0,0,0,1,0,0,1,0,1,0,0,0,0,0,0,0,0,0
41,256,10,2,3,40,1,2,2,6151,22074,1,13,3,1,0,19,4,3,19,2,11,9,307.55,0.95,0.45,0,0,0,1,0,0,1,0,0,1,0,0,0,0,0,0,1,0,0,1,0
33,722,17,3,4,38,3,4,3,17444,20489,1,11,3,4,0,10,2,3,10,8,6,0,1585.8181818181818,0.9090909090909091,0.0,0,0,0,1,1,0,0,0,0,1,0,0,1,0,0,0,0,0,0,1,0
24,1287,7,3,1,55,3,1,3,2886,14168,1,16,3,4,1,6,4,3,6,3,1,2,412.2857142857143,0.8571428571428571,0.2857142857142857,1,0,1,0,1,0,0,0,0,0,0,1,0,0,0,0,0,0,1,0,1
38,168,1,3,3,81,3,3,3,7861,15397,4,14,3,4,0,10,4,4,1,0,0,0,714.6363636363636,0.09090909090909091,0.0,0,1,1,0,1,0,0,0,0,0,0,0,0,1,0,0,0,0,0,1,1
36,1278,8,3,1,77,2,1,1,2342,8635,0,21,4,3,0,6,3,3,5,4,0,3,334.57142857142856,0.7142857142857143,0.5,0,1,0,0,1,0,0,0,0,1,1,0,0,0,0,0,0,0,1,0,0
29,1413,1,1,2,42,3,3,4,7918,6599,1,14,3,4,1,11,5,3,11,10,4,1,659.8333333333334,0.9166666666666666,0.08333333333333333,1,0,0,1,0,0,1,0,0,0,0,0,0,0,0,0,1,0,1,0,0
33,461,13,1,2,53,3,1,4,3452,17241,3,18,3,1,0,5,4,3,3,2,0,2,575.3333333333334,0.5,0.5,0,1,1,0,1,0,0,0,0,0,0,0,0,0,0,1,0,0,0,1,0
29,986,3,4,2,93,2,3,3,11935,21526,1,18,3,3,0,10,2,3,10,2,0,7,1085.0,0.9090909090909091,0.6363636363636364,0,1,1,0,0,0,1,0,0,1,0,0,0,0,1,0,0,0,1,0,0
37,807,6,4,3,63,3,1,1,2073,23648,4,22,4,4,0,7,3,3,3,2,0,2,259.125,0.375,0.5,0,1,0,0,0,0,0,0,0,1,1,0,0,0,0,0,0,0,0,0,1
38,343,15,2,3,92,2,3,4,11510,15682,0,14,3,2,1,12,3,3,11,10,2,9,885.3846153846154,0.8461538461538461,0.75,0,1,1,0,1,0,0,0,0,1,0,0,0,0,1,0,0,0,0,0,1
45,1238,1,1,3,74,2,3,3,10748,3395,3,23,4,4,1,25,3,2,23,15,14,4,413.38461538461536,0.8846153846153846,0.16666666666666666,0,0,1,0,1,0,0,0,0,1,0,0,0,0,0,0,0,0,1,0,0
24,1092,9,3,3,60,2,1,2,2694,26551,1,11,3,3,3,1,4,3,1,0,0,0,1347.0,0.5,0.0,0,0,1,0,1,0,0,0,0,1,0,1,0,0,0,0,0,0,0,0,0
36,938,2,4,3,79,3,1,3,2519,12287,4,21,4,3,0,16,6,3,11,8,3,9,148.1764705882353,0.6470588235294118,0.75,0,1,1,0,0,0,1,0,0,1,0,1,0,0,0,0,0,0,0,1,0
24,673,11,2,1,96,4,2,3,4011,8232,0,18,3,4,1,5,5,2,4,2,1,3,668.5,0.6666666666666666,0.6,0,0,1,0,0,0,0,1,0,0,0,0,0,1,0,0,0,0,0,0,0
35,607,9,3,4,66,2,3,3,10685,23457,1,20,4,2,1,17,2,3,17,14,5,15,593.6111111111111,0.9444444444444444,0.8333333333333334,0,1,1,0,1,0,0,0,0,0,0,0,0,1,0,0,0,0,1,0,1
52,890,25,4,3,81,2,4,4,13826,19028,3,22,4,3,0,31,3,3,9,8,0,0,432.0625,0.28125,0.0,1,0,1,0,0,0,1,0,0,0,0,0,0,1,0,0,0,0,1,0,0
54,376,19,4,4,95,3,2,1,5485,22670,9,11,3,2,2,9,4,3,5,3,1,4,548.5,0.5,0.6666666666666666,0,1,1,0,0,0,1,0,0,0,0,0,0,1,0,0,0,0,0,0,1
45,1339,7,3,2,59,3,3,1,9724,18787,2,17,3,3,1,25,2,3,1,0,0,0,374.0,0.038461538461538464,0.0,0,1,1,0,1,0,0,0,0,1,0,0,0,0,0,1,0,0,0,0,0
39,1387,10,5,2,76,3,2,1,5377,3835,2,13,3,4,3,10,3,3,7,7,7,7,488.8181818181818,0.6363636363636364,0.875,0,1,1,0,0,0,1,0,0,1,0,0,0,1,0,0,0,0,1,0,0
45,561,2,3,4,61,3,2,2,4805,16177,0,19,3,2,1,9,3,4,8,7,3,7,480.5,0.8,0.7777777777777778,0,1,0,1,0,0,0,1,0,1,0,0,0,0,0,0,1,0,1,0,0
35,130,25,4,4,96,3,1,2,2022,16612,1,19,3,1,1,10,3,2,10,2,7,8,183.8181818181818,0.9090909090909091,0.7272727272727273,1,0,1,0,1,0,0,0,0,0,0,0,0,0,0,1,0,0,0,0,1
39,117,10,1,3,99,3,4,1,17068,5355,1,14,3,4,0,21,3,3,21,9,11,10,775.8181818181819,0.9545454545454546,0.45454545454545453,0,1,1,0,0,0,1,0,0,1,0,0,1,0,0,0,0,0,1,0,1
34,254,1,2,2,83,2,1,4,3622,22794,1,13,3,4,1,6,3,3,6,5,1,3,517.4285714285714,0.8571428571428571,0.42857142857142855,0,1,1,0,1,0,0,0,0,1,0,0,0,0,0,1,0,0,1,0,1
45,1052,6,3,4,57,2,3,4,8865,16840,6,12,3,4,0,23,2,3,19,7,12,8,369.375,0.7916666666666666,0.4,0,0,0,1,0,0,1,0,0,0,0,0,0,0,0,0,1,0,0,1,0
25,309,2,3,3,82,3,1,2,2187,19655,4,14,3,3,0,6,3,3,2,0,1,2,312.42857142857144,0.2857142857142857,0.6666666666666666,0,1,0,0,0,0,0,0,0,0,1,0,0,0,0,0,0,0,1,0,0
37,728,1,4,1,80,3,3,4,13603,11677,2,18,3,1,2,15,2,3,5,2,0,2,850.1875,0.3125,0.3333333333333333,0,0,1,0,0,0,1,0,0,0,0,0,0,0,1,0,0,0,0,0,1
22,1294,8,1,3,79,3,1,1,2398,15999,1,17,3,3,0,1,6,3,1,0,0,0,1199.0,0.5,0.0,0,1,1,0,0,0,1,0,0,0,0,1,0,0,0,0,0,0,1,0,1
45,1015,5,5,3,50,1,2,1,5769,23447,1,14,3,1,0,10,3,3,10,7,1,4,524.4545454545455,0.9090909090909091,0.36363636363636365,0,1,1,0,0,0,1,0,0,0,0,1,0,0,0,0,0,0,0,1,1
42,288,2,3,4,40,3,3,4,10124,18611,2,14,3,3,1,24,3,1,20,8,13,9,404.96,0.8,0.42857142857142855,1,0,1,0,1,0,0,0,0,1,0,0,0,0,0,0,0,0,1,0,1
34,629,27,2,4,95,3,1,2,2311,5711,2,15,3,4,0,9,3,3,3,2,1,2,231.1,0.3,0.5,0,1,1,0,0,0,1,0,0,0,0,0,0,0,0,1,0,0,0,1,0
34,167,8,5,2,32,3,2,1,5121,4187,3,14,3,3,1,7,3,3,0,0,0,0,640.125,0.0,0.0,0,1,1,0,1,0,0,0,0,0,0,0,0,1,0,0,0,0,0,0,0
49,809,1,3,3,36,3,4,3,15379,22384,4,14,3,1,0,23,2,3,8,7,0,0,640.7916666666666,0.3333333333333333,0.0,0,1,1,0,1,0,0,0,0,1,0,0,1,0,0,0,0,0,0,1,0
36,1223,8,3,3,59,3,3,3,10096,8202,1,13,3,2,3,17,2,3,17,14,12,8,560.8888888888889,0.9444444444444444,0.4444444444444444,0,1,1,0,0,0,0,0,1,0,0,0,0,0,0,0,0,0,0,0,0
29,665,15,3,3,60,3,1,4,2340,22673,1,19,3,1,0,6,1,3,6,5,1,5,334.2857142857143,0.8571428571428571,0.7142857142857143,0,1,1,0,1,0,0,0,0,1,0,0,0,0,0,1,0,0,0,1,0
27,199,6,3,4,55,2,1,3,2539,7950,1,13,3,3,1,4,0,3,4,2,2,2,507.8,0.8,0.4,0,1,1,0,1,0,0,0,0,1,0,0,0,0,0,1,0,0,1,0,0
36,1213,2,1,2,94,2,2,4,3886,4223,1,21,4,4,0,10,2,2,10,1,0,8,353.27272727272725,0.9090909090909091,0.7272727272727273,1,0,0,0,0,0,0,0,0,1,1,0,0,0,0,0,0,0,0,1,0
35,660,7,1,4,76,3,1,3,2404,16192,1,13,3,1,1,1,3,3,1,0,0,0,1202.0,0.5,0.0,0,1,0,1,1,0,0,0,0,1,0,0,0,0,0,0,0,1,1,0,0
43,313,21,3,4,61,3,1,4,2258,15238,7,20,4,1,1,8,1,3,3,2,1,2,250.88888888888889,0.3333333333333333,0.5,1,0,1,0,0,0,1,0,0,1,0,1,0,0,0,0,0,0,1,0,0
35,992,1,3,4,68,2,1,1,2450,21731,1,19,3,2,0,3,3,3,3,0,1,2,612.5,0.75,0.5,0,1,1,0,0,0,1,0,0,1,0,1,0,0,0,0,0,0,0,1,0
53,124,2,3,3,38,2,3,2,7525,23537,2,12,3,1,1,30,2,3,15,7,6,12,242.74193548387098,0.4838709677419355,0.75,1,0,0,1,0,1,0,0,0,0,0,0,0,0,0,0,1,0,1,0,0
31,525,6,4,1,66,4,2,4,5460,6219,4,22,4,4,2,13,4,4,7,7,5,7,390.0,0.5,0.875,0,1,0,1,0,0,1,0,0,1,0,0,0,0,0,0,1,0,0,0,0
50,333,22,5,3,88,1,4,4,14411,24450,1,13,3,4,0,32,2,3,32,6,13,9,436.6969696969697,0.9696969696969697,0.2727272727272727,1,0,1,0,0,0,1,0,0,1,0,0,0,0,1,0,0,0,0,1,1
25,949,1,3,1,81,3,1,4,3229,4910,4,11,3,2,1,7,2,2,3,2,0,2,403.625,0.375,0.5,0,1,1,0,0,0,0,0,1,1,0,1,0,0,0,0,0,0,1,0,0
39,613,6,1,4,42,2,3,1,9991,21457,4,15,3,1,1,9,5,3,7,7,1,7,999.1,0.7,0.875,0,1,1,0,0,0,1,0,0,1,0,0,0,0,0,0,0,0,1,0,0
34,419,7,4,1,53,3,3,2,11994,21293,0,11,3,3,0,13,4,3,12,6,2,11,856.7142857142857,0.8571428571428571,0.8461538461538461,0,1,1,0,1,0,0,0,0,0,0,0,0,0,1,0,0,0,0,1,0
35,950,7,3,3,59,3,3,3,10221,18869,3,21,4,2,0,17,3,4,8,5,1,6,567.8333333333334,0.4444444444444444,0.6666666666666666,0,1,1,0,0,0,0,1,0,1,0,0,0,1,0,0,0,0,0,1,0
20,805,3,3,1,87,2,1,3,3033,12828,1,12,3,1,0,2,2,2,2,2,1,2,1011.0,0.6666666666666666,0.6666666666666666,0,1,1,0,1,0,0,0,0,1,0,1,0,0,0,0,0,0,0,1,0
27,591,2,1,1,40,3,1,2,3468,16632,9,12,3,4,1,6,3,3,2,2,2,2,495.42857142857144,0.2857142857142857,0.6666666666666666,0,1,1,0,0,0,1,0,0,1,0,1,0,0,0,0,0,0,1,0,0
27,1377,2,3,4,74,3,2,3,4478,5242,1,11,3,1,0,5,3,3,5,4,0,4,746.3333333333334,0.8333333333333334,0.6666666666666666,0,1,0,1,1,0,0,0,0,1,0,0,0,0,0,0,1,0,0,1,1
52,1053,1,2,4,70,3,4,4,17099,13829,2,15,3,2,1,26,2,2,9,8,7,8,633.2962962962963,0.3333333333333333,0.8,0,1,1,0,1,0,0,0,0,1,0,0,1,0,0,0,0,0,1,0,0
32,116,13,3,3,77,2,1,2,2743,7331,1,20,4,3,1,2,2,3,2,2,2,2,914.3333333333334,0.6666666666666666,0.6666666666666666,1,0,1,0,0,0,0,1,0,0,0,1,0,0,0,0,0,0,1,0,0
50,1099,29,4,2,88,2,4,3,17046,9314,0,15,3,2,1,28,2,3,27,10,15,7,587.7931034482758,0.9310344827586207,0.25,0,1,1,0,1,0,0,0,0,1,0,0,1,0,0,0,0,0,1,0,0
49,636,10,4,3,35,3,5,1,18665,25594,9,11,3,4,0,22,4,3,3,2,1,2,811.5217391304348,0.13043478260869565,0.5,1,0,1,0,1,0,0,0,0,0,0,0,0,0,1,0,0,0,0,1,1
32,374,25,4,1,87,3,1,4,2795,18016,1,24,4,3,0,1,2,1,1,0,0,1,1397.5,0.5,0.5,0,1,1,0,1,0,0,0,0,1,0,1,0,0,0,0,0,0,0,1,1
34,135,19,3,3,46,3,2,2,4444,22534,4,13,3,3,2,15,2,4,11,8,5,10,277.75,0.6875,0.8333333333333334,1,0,1,0,0,0,1,0,0,0,0,1,0,0,0,0,0,0,0,0,0
36,922,3,2,1,39,3,1,4,2835,2561,5,22,4,1,1,7,2,3,1,0,0,0,354.375,0.125,0.0,0,1,1,0,1,0,0,0,0,0,0,1,0,0,0,0,0,0,0,0,0
52,994,7,4,2,87,3,3,2,10445,15322,7,19,3,4,0,18,4,3,8,6,4,0,549.7368421052631,0.42105263157894735,0.0,0,1,1,0,1,0,0,0,0,1,0,0,0,0,0,0,0,0,0,1,0
30,1427,2,1,2,35,2,1,4,2720,11162,0,13,3,4,0,6,3,3,5,3,1,2,388.57142857142856,0.7142857142857143,0.3333333333333333,0,1,1,0,0,0,1,0,0,1,0,1,0,0,0,0,0,0,0,1,0
58,350,2,3,2,52,3,4,2,16291,22577,4,22,4,4,1,37,0,2,16,9,14,14,428.7105263157895,0.42105263157894735,0.8235294117647058,0,0,0,1,0,0,1,0,0,1,0,0,1,0,0,0,0,0,0,0,0
42,570,8,3,2,66,3,5,4,18430,16225,1,13,3,2,1,24,4,2,24,7,14,9,737.2,0.96,0.36,1,0,1,0,1,0,0,0,0,1,0,0,1,0,0,0,0,0,0,0,0
49,1313,11,4,4,80,3,2,4,4507,8191,3,12,3,3,0,8,1,4,5,1,0,4,500.77777777777777,0.5555555555555556,0.6666666666666666,0,1,0,1,0,1,0,0,0,0,0,0,0,0,0,0,1,0,0,1,0
43,415,25,3,3,79,2,3,4,10798,5268,5,13,3,3,1,18,5,3,1,0,0,0,568.3157894736842,0.05263157894736842,0.0,0,1,0,1,0,0,1,0,0,1,0,0,0,0,0,0,1,0,0,0,0
40,896,2,3,3,68,3,1,3,2345,8045,2,14,3,3,1,8,3,4,3,1,1,2,260.55555555555554,0.3333333333333333,0.5,0,1,1,0,0,0,1,0,0,1,0,0,0,0,0,1,0,0,0,0,0
55,452,1,3,4,81,3,5,1,19045,18938,0,14,3,3,0,37,2,3,36,10,4,13,501.1842105263158,0.9473684210526315,0.35135135135135137,0,1,1,0,0,0,1,0,0,1,0,0,1,0,0,0,0,0,0,1,1
32,1311,7,3,2,100,4,1,2,2794,26062,1,20,4,3,0,5,3,1,5,1,0,3,465.6666666666667,0.8333333333333334,0.5,1,0,1,0,1,0,0,0,0,1,0,1,0,0,0,0,0,0,1,0,0
55,444,2,1,3,40,2,4,1,16756,17323,7,15,3,2,0,31,3,4,9,7,6,2,523.625,0.28125,0.2,0,0,1,0,0,0,1,0,0,1,0,0,1,0,0,0,0,0,0,1,0
31,192,2,4,3,32,3,1,4,2695,7747,0,18,3,2,1,3,2,1,2,2,2,2,673.75,0.5,0.6666666666666666,0,1,1,0,1,0,0,0,0,1,0,0,0,0,0,1,0,0,0,0,1
43,990,27,3,4,87,4,1,2,4876,5855,5,12,3,3,1,8,0,3,6,4,0,2,541.7777777777778,0.6666666666666666,0.2857142857142857,0,1,1,0,0,0,0,0,1,1,0,1,0,0,0,0,0,0,0,0,0
34,404,2,4,3,98,3,2,4,6687,6163,1,11,3,4,0,14,2,4,14,11,4,11,445.8,0.9333333333333333,0.7333333333333333,0,1,1,0,0,0,0,0,1,0,0,0,0,0,0,0,0,0,0,1,0
40,804,2,1,4,86,2,1,4,2342,22929,0,20,4,4,0,5,2,2,4,2,2,3,390.3333333333333,0.6666666666666666,0.6,0,1,1,0,0,0,1,0,0,0,0,0,0,0,0,1,0,0,0,1,1
42,335,23,2,4,37,2,2,3,4332,14811,1,12,3,4,0,20,2,3,20,9,3,7,206.28571428571428,0.9523809523809523,0.3333333333333333,0,0,1,0,1,0,0,0,0,1,0,0,0,0,0,1,0,0,0,1,0
28,580,27,3,2,39,1,2,1,4877,20460,0,21,4,2,1,6,5,2,5,3,0,0,696.7142857142857,0.7142857142857143,0.0,0,1,1,0,0,0,1,0,0,0,0,0,0,1,0,0,0,0,0,0,0
40,720,16,4,1,51,2,2,3,5094,11983,6,14,3,4,0,10,6,3,1,0,0,0,463.09090909090907,0.09090909090909091,0.0,1,0,1,0,0,0,1,0,0,1,0,1,0,0,0,0,0,0,0,1,0
35,1343,27,1,3,53,2,1,1,2559,17852,1,11,3,4,0,6,3,2,6,5,1,1,365.57142857142856,0.8571428571428571,0.14285714285714285,0,1,1,0,0,0,1,0,0,0,0,0,0,0,0,1,0,0,0,1,0
32,1089,7,2,4,79,3,2,3,4883,22845,1,18,3,1,1,10,3,3,10,4,1,1,443.90909090909093,0.9090909090909091,0.09090909090909091,0,1,1,0,1,0,0,0,0,1,0,1,0,0,0,0,0,0,1,0,0
34,1153,1,2,1,94,3,2,2,4325,17736,1,15,3,3,0,5,2,3,5,2,1,3,720.8333333333334,0.8333333333333334,0.5,0,1,1,0,0,0,1,0,0,1,0,0,0,1,0,0,0,0,1,0,0
35,104,2,3,1,69,3,1,1,2074,26619,1,12,3,4,1,1,2,3,1,0,0,0,1037.0,0.5,0.0,0,1,1,0,1,0,0,0,0,0,0,1,0,0,0,0,0,0,0,0,1
20,1141,2,3,3,31,3,1,3,2783,13251,1,19,3,1,0,2,3,3,2,2,2,2,927.6666666666666,0.6666666666666666,0.6666666666666666,0,1,0,1,0,0,1,0,0,0,0,0,0,0,0,0,0,1,0,1,0
52,1490,4,2,4,30,3,4,4,16555,10310,2,13,3,4,0,31,2,1,5,2,1,4,517.34375,0.15625,0.6666666666666666,0,1,1,0,1,0,0,0,0,0,0,0,1,0,0,0,0,0,1,0,0
49,271,3,2,3,43,2,2,1,4789,23070,4,25,4,1,1,10,3,3,3,2,1,2,435.3636363636364,0.2727272727272727,0.5,0,1,1,0,0,0,1,0,0,0,0,1,0,0,0,0,0,0,1,0,0
44,981,5,3,3,90,2,1,3,3162,7973,3,14,3,4,0,7,5,3,5,2,0,3,395.25,0.625,0.5,0,0,1,0,1,0,0,0,0,1,0,1,0,0,0,0,0,0,0,1,0
36,1229,8,4,1,84,3,2,4,5079,25952,4,13,3,4,2,12,3,3,7,7,0,7,390.6923076923077,0.5384615384615384,0.875,0,0,0,1,0,0,0,0,1,1,0,0,0,0,0,0,1,0,0,0,0
32,634,5,4,2,35,4,1,4,3312,18783,3,17,3,4,2,6,3,3,3,2,0,2,473.14285714285717,0.42857142857142855,0.5,0,1,1,0,0,0,0,1,0,0,0,0,0,0,0,1,0,0,1,0,0
22,581,1,2,4,63,3,1,3,3375,17624,0,12,3,4,0,4,2,4,3,2,1,2,675.0,0.6,0.5,0,1,1,0,1,0,0,0,0,1,0,0,0,0,0,1,0,0,0,1,0
37,367,25,2,3,52,2,2,4,5731,17171,7,13,3,3,2,9,2,3,6,2,1,3,573.1,0.6,0.42857142857142855,0,1,1,0,0,0,1,0,0,0,0,0,0,0,0,0,0,0,0,0,0
30,1116,2,3,3,49,3,1,4,2564,7181,0,14,3,3,0,12,2,2,11,7,6,7,197.23076923076923,0.8461538461538461,0.5833333333333334,0,0,1,0,0,0,1,0,0,0,0,1,0,0,0,0,0,0,0,1,0
33,589,28,4,2,79,3,2,3,5207,22949,1,12,3,2,1,15,3,3,15,14,5,7,325.4375,0.9375,0.4375,0,1,1,0,1,0,0,0,0,1,0,1,0,0,0,0,0,0,1,0,1
41,337,8,3,3,54,3,2,2,4393,26841,5,21,4,3,1,14,3,3,5,4,1,4,292.8666666666667,0.3333333333333333,0.6666666666666666,0,1,0,1,0,1,0,0,0,0,0,0,0,0,0,0,1,0,1,0,0
41,582,28,4,1,60,2,4,2,13570,5640,0,23,4,3,1,21,3,3,20,7,0,10,616.8181818181819,0.9090909090909091,0.47619047619047616,0,1,1,0,1,0,0,0,0,0,0,0,0,1,0,0,0,0,1,0,0
29,490,10,3,4,61,3,1,2,3291,17940,0,14,3,4,2,8,2,2,7,5,1,1,365.6666666666667,0.7777777777777778,0.125,1,0,1,0,1,0,0,0,0,0,0,0,0,0,0,1,0,0,0,0,0
51,1178,14,2,3,87,3,2,4,4936,14862,4,11,3,3,1,18,2,2,7,7,0,7,259.7894736842105,0.3684210526315789,0.875,0,1,0,1,1,0,0,0,0,0,0,0,0,0,0,0,1,0,1,0,0
53,1168,24,4,1,66,3,3,1,10448,5843,6,13,3,2,0,15,2,2,2,2,2,2,653.0,0.125,0.6666666666666666,0,1,0,1,1,0,0,0,0,1,0,0,0,0,0,0,1,0,0,1,1
43,177,8,3,1,55,3,2,2,4765,23814,4,21,4,3,1,4,2,4,1,0,0,0,953.0,0.2,0.0,0,1,1,0,1,0,0,0,0,0,0,0,0,1,0,0,0,0,0,0,0
29,746,24,3,3,45,4,1,1,1091,10642,1,17,3,4,0,1,3,3,1,0,0,0,545.5,0.5,0.0,1,0,0,1,0,0,0,0,1,1,0,0,0,0,0,0,0,1,0,1,0
32,430,24,4,1,80,3,2,4,5309,21146,1,15,3,4,2,10,2,3,10,8,4,7,482.6363636363636,0.9090909090909091,0.6363636363636364,1,0,1,0,1,0,0,0,0,1,0,1,0,0,0,0,0,0,1,0,0
28,1434,5,4,3,50,3,1,3,3441,11179,1,13,3,3,0,2,3,2,2,2,2,2,1147.0,0.6666666666666666,0.6666666666666666,0,1,1,0,0,0,0,0,1,1,0,1,0,0,0,0,0,0,0,1,1
27,135,17,4,4,51,3,1,3,2394,25681,1,13,3,4,0,8,2,3,8,2,7,7,266.0,0.8888888888888888,0.7777777777777778,0,1,1,0,1,0,0,0,0,0,0,0,0,0,0,1,0,0,0,1,1
35,944,1,3,3,92,3,3,3,8789,9096,1,14,3,1,0,10,3,4,10,7,0,8,799.0,0.9090909090909091,0.7272727272727273,1,0,0,1,0,1,0,0,0,0,0,0,0,0,0,0,1,0,0,1,0
42,932,1,2,4,43,2,2,4,6062,4051,9,13,3,4,1,8,4,3,4,3,0,2,673.5555555555555,0.4444444444444444,0.4,0,1,1,0,1,0,0,0,0,0,0,0,0,1,0,0,0,0,1,0,1
34,1354,5,3,3,45,2,3,1,11631,5615,2,12,3,4,0,14,6,3,11,10,5,8,775.4,0.7333333333333333,0.6666666666666666,0,1,1,0,0,0,1,0,0,0,0,0,1,0,0,0,0,0,0,1,0
25,141,3,1,3,98,3,2,1,4194,14363,1,18,3,4,0,5,3,3,5,3,0,3,699.0,0.8333333333333334,0.5,0,1,0,1,0,0,0,1,0,1,0,0,0,0,0,0,1,0,1,0,1
34,1346,19,2,2,93,3,1,4,2661,8758,0,11,3,3,1,3,2,3,2,2,1,2,665.25,0.5,0.6666666666666666,0,1,1,0,0,0,1,0,0,1,0,1,0,0,0,0,0,0,0,0,0
27,798,6,4,1,66,2,1,3,2187,5013,0,12,3,3,2,6,5,2,5,3,0,3,312.42857142857144,0.7142857142857143,0.5,0,1,1,0,0,0,1,0,0,0,0,0,0,0,0,1,0,0,0,0,0
34,234,9,4,4,93,3,2,1,5346,6208,4,17,3,3,1,11,3,2,7,1,0,7,445.5,0.5833333333333334,0.875,1,0,1,0,1,0,0,0,0,1,0,1,0,0,0,0,0,0,1,0,0
33,813,14,3,3,58,3,1,4,2436,22149,5,13,3,3,1,8,2,1,5,4,0,4,270.6666666666667,0.5555555555555556,0.6666666666666666,0,1,1,0,0,0,1,0,0,1,0,1,0,0,0,0,0,0,1,0,1
27,1302,19,3,4,67,2,1,1,4066,16290,1,11,3,1,2,7,3,3,7,7,0,7,508.25,0.875,0.875,0,1,1,0,0,0,0,1,0,1,0,1,0,0,0,0,0,0,0,0,0
35,982,1,4,4,58,2,1,3,2258,16340,6,12,3,2,1,10,2,3,8,0,1,7,205.27272727272728,0.7272727272727273,0.7777777777777778,0,1,1,0,0,0,1,0,0,1,0,1,0,0,0,0,0,0,1,0,0
35,662,1,5,3,94,3,3,2,7295,11439,1,13,3,1,2,10,3,3,10,8,0,6,663.1818181818181,0.9090909090909091,0.5454545454545454,0,1,0,1,0,1,0,0,0,1,0,0,0,0,0,0,1,0,1,0,0
23,977,10,3,4,45,4,1,3,2073,12826,2,16,3,4,1,4,2,3,2,2,2,2,414.6,0.4,0.6666666666666666,0,1,1,0,0,0,0,0,1,1,0,0,0,0,0,1,0,0,1,0,0
45,538,1,4,1,66,3,3,2,7441,20933,1,12,3,1,3,10,4,3,10,8,7,7,676.4545454545455,0.9090909090909091,0.6363636363636364,0,1,1,0,0,0,0,0,1,1,0,0,0,0,0,0,0,0,0,0,0
31,307,29,2,3,71,2,1,2,3479,11652,0,11,3,2,0,6,2,4,5,4,1,4,497.0,0.7142857142857143,0.6666666666666666,1,0,1,0,0,0,1,0,0,1,0,1,0,0,0,0,0,0,0,1,0
47,1162,1,1,3,98,3,3,2,11957,17231,0,18,3,1,2,14,3,1,13,8,5,12,797.1333333333333,0.8666666666666667,0.8571428571428571,0,0,1,0,0,0,1,0,0,0,0,0,0,0,1,0,0,0,1,0,0
46,488,2,3,3,75,1,4,2,16872,14977,3,12,3,2,1,28,2,2,7,7,7,7,581.7931034482758,0.2413793103448276,0.875,0,1,0,1,0,0,0,0,1,0,0,0,1,0,0,0,0,0,1,0,1
42,916,17,2,4,82,4,2,1,6545,23016,3,13,3,3,0,10,1,3,3,2,0,2,595.0,0.2727272727272727,0.5,0,1,1,0,1,0,0,0,0,0,0,0,0,0,0,1,0,0,0,1,1
35,662,18,4,4,67,3,2,3,4614,23288,0,18,3,3,1,5,0,2,4,2,3,2,769.0,0.6666666666666666,0.4,1,0,0,1,0,1,0,0,0,0,0,0,0,0,0,0,1,0,1,0,1
55,1311,2,3,3,97,3,4,4,16659,23258,2,13,3,3,0,30,2,3,5,4,1,2,537.3870967741935,0.16129032258064516,0.3333333333333333,0,1,1,0,1,0,0,0,0,0,0,0,1,0,0,0,0,0,0,1,1
34,648,11,3,3,56,2,2,2,4490,21833,4,11,3,4,2,14,5,4,10,9,1,8,299.3333333333333,0.6666666666666666,0.7272727272727273,1,0,0,0,1,0,0,0,0,1,1,0,0,0,0,0,0,0,1,0,0
45,193,6,4,4,52,3,3,1,13245,15067,4,14,3,2,0,17,3,4,0,0,0,0,735.8333333333334,0.0,0.0,0,1,1,0,0,0,0,1,0,1,0,0,0,0,1,0,0,0,1,0,1
32,1146,15,4,3,34,3,2,4,6667,16542,5,18,3,2,1,9,6,3,5,1,1,2,666.7,0.5,0.3333333333333333,0,0,1,0,0,0,1,0,0,0,0,0,0,0,0,0,0,0,0,0,0
51,770,5,3,3,84,3,4,2,14026,17588,1,11,3,2,1,33,2,3,33,9,0,10,412.52941176470586,0.9705882352941176,0.29411764705882354,0,1,0,0,1,0,0,0,0,1,0,0,1,0,0,0,0,0,0,0,1
30,1400,3,3,3,53,3,1,4,2097,16734,4,15,3,3,1,9,3,1,5,3,1,4,209.7,0.5,0.6666666666666666,0,0,1,0,1,0,0,0,0,1,0,1,0,0,0,0,0,0,1,0,0
37,1252,19,2,1,32,3,3,2,7642,4814,1,13,3,4,0,10,2,3,10,0,0,9,694.7272727272727,0.9090909090909091,0.8181818181818182,0,0,0,1,0,0,1,0,0,1,0,0,0,0,0,0,1,0,0,1,1
34,1003,2,2,4,95,3,2,3,4033,15834,2,11,3,4,0,5,3,2,3,2,0,2,672.1666666666666,0.5,0.5,1,0,1,0,1,0,0,0,0,1,0,0,0,1,0,0,0,0,0,1,0
54,157,10,3,3,77,3,2,1,4440,25198,6,19,3,4,0,9,3,3,5,2,1,4,444.0,0.5,0.6666666666666666,0,1,1,0,0,0,1,0,0,0,0,0,0,1,0,0,0,0,0,1,1
49,1475,28,2,1,97,2,2,1,4284,22710,3,20,4,1,0,20,2,3,4,3,1,3,204.0,0.19047619047619047,0.6,1,0,1,0,1,0,0,0,0,1,0,1,0,0,0,0,0,0,0,1,0
28,773,6,3,3,39,2,1,3,2703,22088,1,14,3,4,1,3,2,3,3,1,0,2,675.75,0.75,0.5,1,0,1,0,1,0,0,0,0,1,0,0,0,0,0,1,0,0,0,0,1
38,437,16,3,2,90,3,2,2,4198,16379,2,12,3,2,0,8,5,4,3,2,1,2,466.44444444444446,0.3333333333333333,0.5,0,1,0,1,1,0,0,0,0,0,0,0,0,0,0,0,1,0,0,1,0
26,1357,25,3,1,48,1,1,3,2293,10558,1,12,3,3,0,1,2,2,1,0,0,1,1146.5,0.5,0.5,0,1,1,0,1,0,0,0,0,1,0,1,0,0,0,0,0,0,0,1,0
26,786,7,3,4,76,3,1,4,2570,11925,1,20,4,3,0,7,5,3,7,7,5,7,321.25,0.875,0.875,0,0,1,0,0,0,1,0,0,1,0,1,0,0,0,0,0,0,0,1,0
31,561,3,3,4,33,3,1,3,4084,4156,1,12,3,1,0,7,2,1,7,2,7,7,510.5,0.875,0.875,1,0,1,0,1,0,0,0,0,0,0,0,0,0,0,1,0,0,0,1,0
32,495,10,3,3,64,3,3,4,11244,21072,2,25,4,2,0,10,5,4,5,2,0,0,1022.1818181818181,0.45454545454545453,0.0,0,1,1,0,0,0,1,0,0,1,0,0,1,0,0,0,0,0,0,1,0
40,759,2,2,4,46,3,2,2,5715,22553,7,12,3,3,2,8,5,3,5,4,1,3,635.0,0.5555555555555556,0.5,0,1,0,1,0,1,0,0,0,0,0,0,0,0,0,0,1,0,0,0,0
58,848,23,4,1,88,3,1,3,2372,26076,1,12,3,4,2,2,3,3,2,2,2,2,790.6666666666666,0.6666666666666666,0.6666666666666666,0,1,1,0,1,0,0,0,0,1,0,0,0,0,0,1,0,0,0,0,0
42,810,23,5,1,44,3,4,4,15992,15901,2,14,3,2,0,16,2,3,1,0,0,0,940.7058823529412,0.058823529411764705,0.0,0,1,1,0,1,0,0,0,0,0,0,0,0,0,1,0,0,0,0,1,0
34,1107,9,4,1,52,3,1,3,2742,3072,1,15,3,4,0,2,0,3,2,2,2,2,914.0,0.6666666666666666,0.6666666666666666,0,1,0,0,0,0,0,0,1,0,1,0,0,0,0,0,0,0,1,0,0
40,630,4,4,3,67,2,3,4,10855,8552,7,11,3,1,1,15,2,2,12,11,2,11,678.4375,0.75,0.8461538461538461,0,1,0,1,0,1,0,0,0,1,0,0,0,0,0,0,1,0,1,0,0
34,511,3,2,4,32,1,2,4,6029,25353,5,12,3,1,0,6,3,3,2,2,2,2,861.2857142857143,0.2857142857142857,0.6666666666666666,0,1,0,1,1,0,0,0,0,0,0,0,0,0,0,0,1,0,0,1,0
28,280,1,2,3,43,3,1,4,2706,10494,1,15,3,2,1,3,2,3,3,2,2,2,676.5,0.75,0.5,0,0,0,0,1,0,0,0,0,1,1,0,0,0,0,0,0,0,0,0,0
40,530,1,4,3,78,2,4,2,13503,14115,1,22,4,4,1,22,3,2,22,3,11,11,587.0869565217391,0.9565217391304348,0.4782608695652174,1,0,1,0,1,0,0,0,0,1,0,0,0,0,0,0,0,0,1,0,0
32,588,8,2,3,65,2,2,2,5228,24624,1,11,3,4,0,13,2,3,13,12,11,9,373.42857142857144,0.9285714285714286,0.6428571428571429,0,1,0,1,0,0,0,0,1,0,0,0,0,0,0,0,1,0,1,0,1
48,1236,1,4,4,40,2,4,1,15402,17997,7,11,3,1,1,21,3,1,3,2,0,2,700.0909090909091,0.13636363636363635,0.5,0,1,1,0,1,0,0,0,0,0,0,0,1,0,0,0,0,0,1,0,0
36,607,7,3,1,83,4,2,1,4639,2261,2,16,3,4,1,17,2,2,15,7,6,13,257.72222222222223,0.8333333333333334,0.8125,1,0,0,1,0,1,0,0,0,0,0,0,0,0,0,0,1,0,1,0,0
42,926,21,2,3,36,3,2,3,5265,16439,2,16,3,2,1,11,5,3,5,3,0,2,438.75,0.4166666666666667,0.3333333333333333,0,0,1,0,0,0,1,0,0,0,0,0,0,1,0,0,0,0,0,0,0
58,781,2,1,4,57,2,1,4,2380,13384,9,14,3,4,1,3,3,2,1,0,0,0,595.0,0.25,0.0,1,0,1,0,1,0,0,0,0,1,0,1,0,0,0,0,0,0,0,0,1
34,1381,4,4,3,72,3,2,3,6538,12740,9,15,3,1,1,6,3,3,3,2,1,2,934.0,0.42857142857142855,0.5,0,0,0,1,0,1,0,0,0,0,0,0,0,0,0,0,1,0,1,0,0
34,1157,5,2,2,57,2,2,4,3986,11912,1,14,3,3,1,15,3,4,15,10,4,13,249.125,0.9375,0.8125,0,1,1,0,0,0,1,0,0,1,0,1,0,0,0,0,0,0,1,0,0
41,642,1,3,4,76,3,1,4,2782,21412,3,22,4,1,1,12,3,3,5,3,1,0,214.0,0.38461538461538464,0.0,0,1,1,0,1,0,0,0,0,1,0,0,0,0,0,1,0,0,1,0,0
35,735,6,1,3,66,3,1,3,3506,6020,0,14,3,4,0,4,3,3,3,2,2,2,701.2,0.6,0.5,0,1,1,0,1,0,0,0,0,1,0,0,0,0,0,1,0,0,1,0,1
30,1275,28,2,4,64,3,2,4,5775,11934,1,13,3,4,2,11,2,3,10,8,1,9,481.25,0.8333333333333334,0.8181818181818182,0,1,1,0,0,0,1,0,0,0,0,0,0,0,0,1,0,0,1,0,0
26,652,7,3,3,100,4,1,1,3578,23577,0,12,3,4,0,8,2,3,7,7,0,7,397.55555555555554,0.7777777777777778,0.875,0,1,1,0,0,0,0,1,0,1,0,1,0,0,0,0,0,0,0,1,0
29,1107,28,4,3,93,3,1,4,2514,26968,4,22,4,1,1,11,1,3,7,5,1,7,209.5,0.5833333333333334,0.875,0,1,1,0,1,0,0,0,0,0,0,0,0,0,0,1,0,0,0,0,0
41,509,7,2,2,43,4,1,3,3376,18863,1,13,3,3,0,10,3,3,10,6,0,8,306.90909090909093,0.9090909090909091,0.7272727272727273,0,1,1,0,0,0,0,0,1,0,0,0,0,0,0,1,0,0,1,0,0
55,836,2,4,2,98,2,1,4,2662,7975,8,20,4,2,1,19,2,4,5,2,0,4,133.1,0.25,0.6666666666666666,0,1,1,0,0,0,0,0,1,1,0,0,0,0,0,1,0,0,1,0,0
54,821,5,2,1,86,3,5,1,19406,8509,4,11,3,3,1,24,4,2,4,2,1,2,776.24,0.16,0.4,0,1,1,0,0,0,1,0,0,1,0,0,0,0,1,0,0,0,1,0,0
39,466,1,1,4,65,2,4,4,12742,7060,1,16,3,3,1,21,3,3,21,6,11,8,579.1818181818181,0.9545454545454546,0.36363636363636365,0,1,1,0,1,0,0,0,0,0,0,0,0,1,0,0,0,0,1,0,0
31,523,2,3,2,94,3,1,4,3722,21081,6,13,3,3,1,7,2,1,2,2,2,2,465.25,0.25,0.6666666666666666,1,0,1,0,1,0,0,0,0,1,0,1,0,0,0,0,0,0,1,0,1
44,921,2,3,3,96,4,3,4,7879,14810,1,19,3,2,1,9,2,3,8,7,6,7,787.9,0.8,0.7777777777777778,0,1,1,0,1,0,0,0,0,0,0,0,0,0,0,0,0,0,1,0,1
36,530,3,1,3,51,2,3,4,10325,5518,1,11,3,1,1,16,6,3,16,7,3,7,607.3529411764706,0.9411764705882353,0.4117647058823529,0,1,0,1,1,0,0,0,0,1,0,0,0,0,0,0,1,0,1,0,1
29,1401,6,1,2,54,3,1,4,3131,26342,1,13,3,1,1,10,5,3,10,8,0,8,284.6363636363636,0.9090909090909091,0.7272727272727273,0,1,1,0,0,0,1,0,0,0,0,1,0,0,0,0,0,0,1,0,0
41,802,9,1,3,96,3,3,3,8189,21196,3,13,3,3,1,12,2,3,9,7,0,7,629.9230769230769,0.6923076923076923,0.7,0,1,0,1,1,0,0,0,0,1,0,0,0,0,0,0,1,0,0,0,1
52,956,6,2,4,78,3,2,1,5577,22087,3,12,3,2,2,18,3,3,10,9,6,9,293.5263157894737,0.5263157894736842,0.8181818181818182,0,1,1,0,0,0,0,0,1,1,0,0,0,0,0,1,0,0,0,0,1
28,103,24,3,3,50,2,1,3,2028,12947,5,14,3,2,0,6,4,3,4,2,0,3,289.7142857142857,0.5714285714285714,0.6,0,1,1,0,1,0,0,0,0,1,0,1,0,0,0,0,0,0,0,1,1
40,676,9,4,4,86,3,1,1,2018,21831,3,14,3,2,0,15,3,1,5,4,1,0,126.125,0.3125,0.0,0,1,1,0,1,0,0,0,0,1,0,1,0,0,0,0,0,0,0,1,0
59,1435,25,3,1,99,3,3,1,7637,2354,7,11,3,4,0,28,3,2,21,16,7,9,263.3448275862069,0.7241379310344828,0.4090909090909091,0,1,0,1,1,0,0,0,0,0,0,0,0,0,0,0,1,0,0,1,0
45,192,10,2,1,69,3,1,4,2654,9655,3,21,4,4,2,8,3,2,2,2,0,2,294.8888888888889,0.2222222222222222,0.6666666666666666,0,1,1,0,1,0,0,0,0,1,0,0,0,0,0,1,0,0,1,0,0
53,1436,6,2,2,34,3,2,3,2306,16047,2,20,4,4,1,13,3,1,7,7,4,5,164.71428571428572,0.5,0.625,0,1,0,1,0,1,0,0,0,1,0,0,0,0,0,0,0,1,1,0,1
46,377,9,3,1,52,3,3,4,10096,15986,4,11,3,1,1,28,1,4,7,7,4,3,348.13793103448273,0.2413793103448276,0.375,0,1,0,1,0,1,0,0,0,1,0,0,0,0,0,0,1,0,0,0,0
40,1171,10,4,4,46,4,1,3,2213,22495,3,13,3,3,1,10,3,3,7,7,1,7,201.1818181818182,0.6363636363636364,0.875,0,1,1,0,1,0,0,0,0,0,0,1,0,0,0,0,0,0,1,0,1
31,182,8,5,1,93,3,4,2,16422,8847,3,11,3,3,0,9,3,4,3,2,1,0,1642.2,0.3,0.0,0,1,1,0,1,0,0,0,0,0,0,0,0,0,1,0,0,0,0,1,0
42,555,26,3,3,77,3,4,2,13525,14864,5,14,3,4,1,23,2,4,20,4,4,8,563.5416666666666,0.8333333333333334,0.38095238095238093,1,0,0,1,0,1,0,0,0,0,0,0,0,0,0,0,1,0,1,0,0
60,696,7,4,2,52,4,2,4,5220,10893,0,18,3,2,1,12,3,3,11,7,1,9,401.53846153846155,0.8461538461538461,0.75,0,1,0,1,0,1,0,0,0,1,0,0,0,0,0,0,1,0,0,0,1
40,1124,1,2,2,57,1,2,4,7457,13273,2,22,4,3,3,6,2,2,4,3,0,2,1065.2857142857142,0.5714285714285714,0.4,0,1,0,1,0,0,1,0,0,1,0,0,0,0,0,0,1,0,1,0,1
19,1181,3,1,2,79,3,1,2,1483,16102,1,14,3,4,0,1,3,3,1,0,0,0,741.5,0.5,0.0,0,1,1,0,0,0,1,0,0,0,0,1,0,0,0,0,0,0,0,1,0
26,1349,23,3,1,90,3,1,4,2886,3032,1,22,4,2,2,3,3,1,3,2,0,2,721.5,0.75,0.5,0,1,1,0,1,0,0,0,0,0,0,0,0,0,0,1,0,0,0,0,0
45,805,4,2,3,57,3,2,2,4447,23163,1,12,3,2,0,9,5,2,9,7,0,8,444.7,0.9,0.8,0,0,1,0,1,0,0,0,0,1,0,1,0,0,0,0,0,0,1,0,0
50,1207,28,1,4,74,4,1,3,3221,3297,1,11,3,3,3,20,3,3,20,8,3,8,153.38095238095238,0.9523809523809523,0.38095238095238093,0,1,1,0,0,0,1,0,0,1,0,1,0,0,0,0,0,0,1,0,1
29,115,13,3,1,51,3,2,2,5765,17485,5,11,3,1,0,7,4,1,5,3,0,0,720.625,0.625,0.0,1,0,0,1,0,0,0,0,1,0,0,0,0,0,0,0,1,0,0,1,0
28,1476,16,2,2,68,4,2,1,5661,4824,0,19,3,3,0,9,2,3,8,3,0,7,566.1,0.8,0.7777777777777778,0,1,1,0,0,0,1,0,0,1,0,0,0,0,0,0,0,0,0,1,0
40,902,26,2,3,92,2,2,4,4422,21203,3,13,3,4,1,16,3,1,1,1,0,0,260.11764705882354,0.058823529411764705,0.0,1,0,1,0,0,0,1,0,0,0,0,0,0,0,0,1,0,0,1,0,1
32,1184,1,3,3,70,2,1,2,2332,3974,6,20,4,3,0,5,3,3,3,0,0,2,388.6666666666667,0.5,0.5,0,0,1,0,1,0,0,0,0,0,0,1,0,0,0,0,0,0,1,0,0
59,1089,1,2,2,66,3,3,4,11904,11038,3,14,3,3,1,14,1,1,6,4,0,4,793.6,0.4,0.5714285714285714,0,1,0,1,0,0,0,0,1,1,0,0,1,0,0,0,0,0,1,0,1
32,1373,5,4,4,56,2,2,4,9679,10138,8,24,4,2,0,8,1,3,1,0,0,0,1075.4444444444443,0.1111111111111111,0.0,0,1,1,0,1,0,0,0,0,1,0,0,0,1,0,0,0,0,0,1,0
40,300,26,3,3,74,3,2,1,8396,22217,1,14,3,2,1,8,3,2,7,7,7,5,932.8888888888889,0.7777777777777778,0.625,0,1,0,1,0,1,0,0,0,1,0,0,0,0,0,0,1,0,1,0,0
33,775,4,3,4,90,3,2,2,3055,6194,5,15,3,4,2,11,2,2,9,8,1,7,254.58333333333334,0.75,0.7,0,0,1,0,0,0,0,0,1,1,0,0,0,0,0,1,0,0,0,0,0
36,635,10,4,2,32,3,3,4,9980,15318,1,14,3,4,0,10,3,2,10,3,9,7,907.2727272727273,0.9090909090909091,0.6363636363636364,0,0,0,1,0,0,1,0,0,1,0,0,0,0,0,0,1,0,0,1,0
19,645,9,2,3,54,3,1,1,2552,7172,1,25,4,3,0,1,4,3,1,1,0,0,1276.0,0.5,0.0,0,1,1,0,1,0,0,0,0,1,0,0,0,0,0,1,0,0,0,1,0
37,1470,10,3,2,71,3,1,2,3936,9953,1,11,3,1,1,8,2,1,8,4,7,7,437.3333333333333,0.8888888888888888,0.7777777777777778,0,1,1,0,0,0,1,0,0,0,0,0,0,0,0,1,0,0,1,0,0
39,412,13,4,3,94,2,4,2,17123,17334,6,13,3,4,2,21,4,3,19,9,15,2,778.3181818181819,0.8636363636363636,0.1,0,1,1,0,0,0,1,0,0,0,0,0,1,0,0,0,0,0,0,0,1
33,553,5,4,4,74,3,3,2,11878,23364,6,11,3,2,2,12,2,3,10,6,8,8,913.6923076923077,0.7692307692307693,0.7272727272727273,1,0,1,0,1,0,0,0,0,0,0,0,1,0,0,0,0,0,1,0,0
30,855,7,4,4,73,3,2,1,4779,12761,7,14,3,2,2,8,3,3,3,2,0,2,531.0,0.3333333333333333,0.5,0,1,0,1,0,1,0,0,0,0,0,0,0,0,0,0,1,0,0,0,0
31,202,8,3,1,34,2,1,2,1261,22262,1,12,3,3,0,1,3,4,1,0,0,0,630.5,0.5,0.0,0,1,1,0,1,0,0,0,0,0,0,0,0,0,0,1,0,0,0,1,0
26,921,1,1,1,66,2,1,3,2007,25265,1,13,3,3,2,5,5,3,5,3,1,3,334.5,0.8333333333333334,0.5,1,0,1,0,0,0,1,0,0,0,0,0,0,0,0,1,0,0,0,0,0
40,1194,2,4,3,98,3,1,3,2001,12549,2,14,3,2,3,20,2,3,5,3,0,2,95.28571428571429,0.23809523809523808,0.3333333333333333,0,1,1,0,0,0,1,0,0,0,0,0,0,0,0,1,0,0,1,0,0
36,711,5,4,2,42,3,3,1,8008,22792,4,12,3,3,2,9,6,3,3,2,0,2,800.8,0.3,0.5,0,1,1,0,1,0,0,0,0,0,0,0,0,0,0,0,0,0,1,0,0
25,1356,10,4,3,57,3,2,4,4950,20623,0,14,3,2,0,5,4,3,4,3,1,1,825.0,0.6666666666666666,0.2,0,1,0,1,1,0,0,0,0,1,0,0,0,0,0,0,1,0,0,1,0
33,1141,1,3,3,42,4,2,1,5376,3193,2,19,3,1,2,10,3,3,5,3,1,3,488.72727272727275,0.45454545454545453,0.5,1,0,0,1,1,0,0,0,0,0,0,0,0,0,0,0,1,0,1,0,0
43,1291,15,2,3,65,2,4,3,17603,3525,1,24,4,1,1,14,3,3,14,10,6,11,1173.5333333333333,0.9333333333333333,0.7333333333333333,0,1,1,0,1,0,0,0,0,1,0,0,0,0,1,0,0,0,1,0,0
40,593,9,4,2,88,3,3,3,13499,13782,9,17,3,3,0,20,3,2,18,7,2,13,642.8095238095239,0.8571428571428571,0.6842105263157895,1,0,1,0,0,0,1,0,0,0,0,0,0,0,1,0,0,0,0,1,0
45,336,26,3,1,52,2,2,1,4385,24162,1,15,3,1,1,10,2,3,10,7,4,5,398.6363636363636,0.9090909090909091,0.45454545454545453,0,0,0,1,0,1,0,0,0,1,0,0,0,0,0,0,1,0,1,0,0
32,1474,11,4,4,60,4,2,3,4707,23914,8,12,3,4,0,6,2,3,4,2,1,2,672.4285714285714,0.5714285714285714,0.4,0,0,0,1,0,0,0,1,0,1,0,0,0,0,0,0,1,0,1,0,0
29,1246,19,3,3,77,2,2,3,8620,23757,1,14,3,3,2,10,3,3,10,7,0,4,783.6363636363636,0.9090909090909091,0.36363636363636365,0,1,0,1,1,0,0,0,0,1,0,0,0,0,0,0,1,0,0,0,0
38,1444,1,4,4,88,3,1,2,2991,5224,0,11,3,2,1,7,2,3,6,2,1,2,373.875,0.75,0.2857142857142857,1,0,0,0,0,0,0,1,0,1,1,0,0,0,0,0,0,0,1,0,1
24,984,17,2,4,97,3,1,2,2210,3372,1,13,3,1,1,1,3,1,1,0,0,0,1105.0,0.5,0.0,0,1,1,0,1,0,0,0,0,0,0,1,0,0,0,0,0,0,1,0,0
25,240,5,3,3,46,2,2,3,5744,26959,1,11,3,4,0,6,1,3,6,4,0,3,820.5714285714286,0.8571428571428571,0.42857142857142855,0,1,0,1,0,1,0,0,0,1,0,0,0,0,0,0,1,0,0,1,1
30,305,16,3,3,58,4,2,3,5294,9128,3,16,3,3,1,10,3,3,7,0,1,7,481.27272727272725,0.6363636363636364,0.875,0,1,1,0,1,0,0,0,0,1,0,0,0,0,0,0,0,0,1,0,0
35,1395,9,4,2,48,3,2,3,5098,18698,1,19,3,2,0,10,5,3,10,7,0,8,463.45454545454544,0.9090909090909091,0.7272727272727273,0,1,1,0,0,0,1,0,0,1,0,0,0,0,0,1,0,0,0,1,0
55,436,2,1,3,37,3,2,4,5160,21519,4,16,3,3,0,12,3,2,9,7,7,3,396.9230769230769,0.6923076923076923,0.3,0,1,0,1,0,0,1,0,0,1,0,0,0,0,0,0,1,0,0,1,0
35,853,18,5,2,71,3,3,1,9069,11031,1,22,4,4,1,9,3,2,9,8,1,8,906.9,0.9,0.8,1,0,0,1,1,0,0,0,0,1,0,0,0,0,0,0,1,0,1,0,0
33,350,5,3,4,34,3,1,3,2851,9150,1,13,3,2,0,1,2,3,1,0,0,0,1425.5,0.5,0.0,0,1,0,1,0,1,0,0,0,0,0,0,0,0,0,0,0,1,0,1,1
33,516,8,5,4,69,3,2,3,6388,22049,2,17,3,1,0,14,6,3,0,0,0,0,425.8666666666667,0.0,0.0,0,1,1,0,1,0,0,0,0,1,0,0,0,0,0,0,0,0,0,1,1
35,737,10,3,4,55,2,3,1,10306,21530,9,17,3,3,0,15,3,3,13,12,6,0,644.125,0.8125,0.0,0,1,0,1,0,0,1,0,0,1,0,0,0,0,0,0,1,0,1,0,0
32,1109,29,4,4,69,3,1,3,4025,11135,9,12,3,2,0,10,2,3,8,7,7,7,365.90909090909093,0.7272727272727273,0.7777777777777778,0,0,1,0,0,0,1,0,0,0,0,1,0,0,0,0,0,0,0,1,0
58,1272,5,3,3,37,2,3,2,10552,9255,2,13,3,4,1,24,3,3,6,0,0,4,422.08,0.24,0.5714285714285714,0,1,1,0,0,0,0,0,1,0,0,0,0,0,0,0,0,0,0,0,1
34,296,6,2,4,33,1,1,3,2351,12253,0,16,3,4,1,3,3,2,2,2,1,0,587.75,0.5,0.0,1,0,0,1,0,1,0,0,0,0,0,0,0,0,0,0,0,1,0,0,0
49,1418,1,3,3,36,3,1,1,3580,10554,2,16,3,2,1,7,2,3,4,2,0,2,447.5,0.5,0.4,0,1,1,0,0,0,0,0,1,0,0,0,0,0,0,1,0,0,1,0,0
50,939,24,3,4,95,3,4,3,13973,4161,3,18,3,4,1,22,2,3,12,11,1,5,607.5217391304348,0.5217391304347826,0.38461538461538464,0,1,1,0,1,0,0,0,0,1,0,0,0,1,0,0,0,0,1,0,1
30,570,5,3,4,30,2,2,3,6118,5431,1,13,3,3,3,10,2,3,10,9,1,2,556.1818181818181,0.9090909090909091,0.18181818181818182,0,1,0,1,0,1,0,0,0,0,0,0,0,0,0,0,1,0,0,0,0
42,1368,28,4,4,88,2,2,4,4523,4386,0,11,3,4,3,7,4,4,6,5,0,4,565.375,0.75,0.5714285714285714,1,0,1,0,0,0,0,0,1,0,0,0,0,0,0,0,0,0,1,0,0
53,661,1,4,1,60,2,4,3,12965,22308,4,20,4,4,3,27,2,2,3,2,0,2,463.0357142857143,0.10714285714285714,0.5,0,0,1,0,0,0,1,0,0,0,0,0,0,1,0,0,0,0,1,0,1
29,441,8,1,3,39,1,2,1,9715,7288,3,13,3,3,1,9,3,3,7,7,0,7,971.5,0.7,0.875,0,1,1,0,0,0,0,1,0,0,0,0,0,0,0,0,0,0,1,0,0
27,1167,4,2,1,76,3,1,3,2517,3208,1,11,3,2,3,5,2,3,5,3,0,3,419.5,0.8333333333333334,0.5,0,1,1,0,1,0,0,0,0,1,0,0,0,0,0,1,0,0,0,0,0
35,1224,7,4,3,55,3,2,4,5204,13586,1,11,3,4,0,10,2,3,10,8,0,9,473.09090909090907,0.9090909090909091,0.8181818181818182,0,1,0,1,1,0,0,0,0,0,0,0,0,0,0,0,1,0,1,0,1
19,489,2,2,1,52,2,1,4,2564,18437,1,12,3,3,0,1,3,4,1,0,0,0,1282.0,0.5,0.0,0,1,0,0,0,0,0,0,1,1,1,0,0,0,0,0,0,0,0,1,0
40,1492,20,4,1,61,3,3,4,10322,26542,4,20,4,4,1,14,6,3,11,10,11,1,688.1333333333333,0.7333333333333333,0.08333333333333333,0,1,1,0,0,0,0,0,1,1,0,0,0,0,0,0,0,0,1,0,0
35,1182,11,2,4,54,3,2,4,4968,18500,1,11,3,4,1,5,3,3,5,2,0,2,828.0,0.8333333333333334,0.3333333333333333,1,0,0,1,0,1,0,0,0,1,0,0,0,0,0,0,1,0,0,0,0
46,945,5,2,2,80,3,2,2,5021,10425,8,22,4,4,1,16,2,3,4,2,0,2,295.3529411764706,0.23529411764705882,0.4,0,1,0,0,0,0,1,0,0,1,1,0,0,0,0,0,0,0,0,0,1
42,532,29,2,1,92,3,2,3,4556,12932,2,11,3,2,1,19,3,3,5,4,0,2,227.8,0.25,0.3333333333333333,1,0,1,0,1,0,0,0,0,0,0,0,0,0,0,1,0,0,0,0,0
45,1329,2,2,4,59,2,2,4,5770,5388,1,19,3,1,2,10,3,3,10,7,3,9,524.5454545454545,0.9090909090909091,0.8181818181818182,0,1,1,0,0,0,0,1,0,0,0,0,0,1,0,0,0,0,0,0,0
29,428,9,3,2,52,1,1,2,2760,14630,1,13,3,3,0,2,3,3,2,2,2,2,920.0,0.6666666666666666,0.6666666666666666,0,1,0,1,0,1,0,0,0,0,0,0,0,0,0,0,0,1,0,1,0
34,560,1,4,4,91,3,1,1,2996,20284,5,14,3,3,2,10,2,3,4,3,1,3,272.3636363636364,0.36363636363636365,0.6,1,0,1,0,0,0,0,1,0,1,0,0,0,0,0,1,0,0,0,0,0
49,1091,1,2,3,90,2,4,3,13964,17810,7,12,3,4,0,25,2,3,7,1,0,7,537.0769230769231,0.2692307692307692,0.875,0,1,1,0,0,0,0,0,1,0,0,0,0,0,0,0,0,0,0,1,1
24,1371,10,4,4,77,3,2,3,4260,5915,1,12,3,4,1,5,2,4,5,2,0,3,710.0,0.8333333333333334,0.5,0,1,0,1,0,1,0,0,0,0,0,0,0,0,0,0,1,0,0,0,1
22,1368,4,1,3,99,2,1,3,3894,9129,5,16,3,3,0,4,3,3,2,2,1,2,778.8,0.4,0.6666666666666666,1,0,1,0,0,0,0,0,1,1,0,1,0,0,0,0,0,0,0,1,0
30,990,7,3,3,64,3,1,3,1274,7152,1,13,3,2,2,1,2,2,1,0,0,0,637.0,0.5,0.0,0,0,1,0,0,0,0,0,1,1,0,0,0,0,0,1,0,0,0,0,0
44,200,29,4,4,32,3,2,4,4541,7744,1,25,4,2,0,20,3,3,20,11,13,17,216.23809523809524,0.9523809523809523,0.8095238095238095,0,1,1,0,0,0,0,1,0,1,0,0,0,0,0,1,0,0,0,1,0
30,1358,24,1,4,67,3,1,3,2693,13335,1,22,4,2,1,1,2,3,1,0,0,0,1346.5,0.5,0.0,0,1,1,0,1,0,0,0,0,1,0,1,0,0,0,0,0,0,0,0,0
27,994,8,3,4,37,3,3,3,8726,2975,1,15,3,4,0,9,0,3,9,8,1,7,872.6,0.9,0.7,1,0,0,1,1,0,0,0,0,1,0,0,0,0,0,0,1,0,0,1,0
30,852,10,3,3,72,2,2,3,6578,2706,1,18,3,1,1,10,3,3,10,3,1,4,598.0,0.9090909090909091,0.36363636363636365,0,1,0,1,0,1,0,0,0,1,0,0,0,0,0,0,1,0,1,0,0
24,771,1,2,2,45,2,2,3,4617,14120,1,12,3,2,0,4,2,2,4,3,1,2,923.4,0.8,0.4,0,1,1,0,1,0,0,0,0,1,0,0,0,0,0,0,0,0,0,1,0
33,501,15,2,2,95,3,2,4,4878,21653,0,13,3,1,1,10,6,3,9,7,8,1,443.45454545454544,0.8181818181818182,0.1,0,1,1,0,0,0,1,0,0,0,0,0,0,0,0,0,0,0,1,0,1
43,185,10,4,3,33,3,1,4,2455,10675,0,19,3,1,0,9,5,3,8,7,1,7,245.5,0.8,0.7777777777777778,1,0,1,0,1,0,0,0,0,0,0,1,0,0,0,0,0,0,0,1,0
34,1111,8,2,3,93,3,2,1,6500,13305,5,17,3,2,1,6,1,3,3,2,1,2,928.5714285714286,0.42857142857142855,0.5,0,1,0,1,1,0,0,0,0,0,0,0,0,0,0,0,1,0,1,0,0
46,1211,5,4,1,98,3,2,4,5772,20445,4,21,4,3,0,14,4,3,9,6,0,8,384.8,0.6,0.8,1,0,0,1,0,1,0,0,0,1,0,0,0,0,0,0,1,0,0,1,1
50,1115,1,3,1,73,3,5,2,18172,9755,3,19,3,1,0,28,1,2,8,3,0,7,626.6206896551724,0.27586206896551724,0.7777777777777778,1,0,1,0,1,0,0,0,0,0,0,0,0,0,1,0,0,0,1,0,1
37,625,1,4,1,46,2,3,3,10609,14922,5,11,3,3,0,17,2,1,14,1,11,7,589.3888888888889,0.7777777777777778,0.4666666666666667,0,1,0,1,1,0,0,0,0,1,0,0,0,0,0,0,1,0,1,0,0
29,442,2,2,2,44,3,2,4,4554,20260,1,18,3,1,0,10,3,2,10,7,0,9,414.0,0.9090909090909091,0.8181818181818182,1,0,0,1,1,0,0,0,0,1,0,0,0,0,0,0,1,0,0,1,0
44,383,1,5,1,79,3,2,3,4768,9282,7,12,3,3,1,11,4,2,1,0,0,0,397.3333333333333,0.08333333333333333,0.0,1,0,0,1,0,1,0,0,0,0,0,0,0,0,0,0,1,0,1,0,0
44,1467,20,3,4,49,3,1,2,3420,21158,1,13,3,3,0,6,3,2,5,2,1,3,488.57142857142856,0.7142857142857143,0.5,0,1,1,0,1,0,0,0,0,1,0,0,0,0,0,1,0,0,0,1,0
35,727,3,3,3,41,2,1,3,1281,16900,1,18,3,3,2,1,3,3,1,0,0,0,640.5,0.5,0.0,0,0,1,0,1,0,0,0,0,1,0,1,0,0,0,0,0,0,1,0,0
54,966,1,4,4,53,3,3,3,10502,9659,7,17,3,1,1,33,2,1,5,4,1,4,308.88235294117646,0.14705882352941177,0.6666666666666666,1,0,1,0,1,0,0,0,0,0,0,0,0,1,0,0,0,0,0,0,0
48,530,29,1,1,91,3,3,3,12504,23978,3,21,4,2,1,15,3,1,0,0,0,0,781.5,0.0,0.0,0,1,0,1,0,0,1,0,0,0,0,0,1,0,0,0,0,0,1,0,0
31,853,1,1,3,96,3,2,1,4148,11275,1,12,3,3,1,4,1,3,4,3,0,3,829.6,0.8,0.6,1,0,1,0,1,0,0,0,0,0,0,0,0,1,0,0,0,0,1,0,0
32,824,5,2,4,67,2,2,2,5878,15624,3,12,3,1,1,12,2,3,7,1,2,5,452.15384615384613,0.5384615384615384,0.625,0,1,1,0,1,0,0,0,0,0,0,0,0,0,0,1,0,0,1,0,0
42,635,1,1,2,99,3,2,3,4907,24532,1,25,4,3,0,20,3,3,20,16,11,6,233.66666666666666,0.9523809523809523,0.2857142857142857,0,1,0,1,1,0,0,0,0,1,0,0,0,0,0,0,1,0,1,0,0
31,874,15,3,3,72,3,1,3,2610,6233,1,12,3,3,1,2,5,2,2,2,2,2,870.0,0.6666666666666666,0.6666666666666666,1,0,1,0,0,0,1,0,0,1,0,1,0,0,0,0,0,0,1,0,0
36,885,16,4,3,43,4,1,1,2743,8269,1,16,3,3,0,18,1,3,17,13,15,14,144.3684210526316,0.8947368421052632,0.7777777777777778,0,1,1,0,1,0,0,0,0,0,0,1,0,0,0,0,0,0,0,1,0
39,116,24,1,1,52,3,2,4,4108,5340,7,13,3,1,0,18,2,3,7,7,1,7,216.21052631578948,0.3684210526315789,0.875,0,1,1,0,1,0,0,0,0,1,0,0,0,0,0,1,0,0,0,1,0
29,224,1,4,1,100,2,1,1,2362,7568,6,13,3,3,0,11,2,1,9,7,0,7,196.83333333333334,0.75,0.7,0,1,1,0,0,0,0,0,1,1,0,0,0,0,0,1,0,0,0,1,0
26,1167,5,3,4,30,2,1,3,2966,21378,0,18,3,4,0,5,2,3,4,2,0,0,494.3333333333333,0.6666666666666666,0.0,0,1,0,1,0,0,0,1,0,0,0,0,0,0,0,0,0,1,0,1,0
34,1362,19,3,1,67,4,2,4,5304,4652,8,13,3,2,0,9,3,2,5,2,0,4,530.4,0.5,0.6666666666666666,0,0,0,1,0,1,0,0,0,1,0,0,0,0,0,0,1,0,0,1,1
46,1319,3,3,1,45,4,4,1,13225,7739,2,12,3,4,1,25,5,3,19,17,2,8,508.65384615384613,0.7307692307692307,0.4,0,1,0,1,0,0,0,0,1,0,0,0,0,0,0,0,1,0,0,0,0
38,594,2,2,3,75,2,1,2,2468,15963,4,14,3,2,1,9,4,2,6,1,0,5,246.8,0.6,0.7142857142857143,1,0,1,0,0,0,1,0,0,0,0,1,0,0,0,0,0,0,1,0,0
55,1136,1,4,2,81,4,4,4,14732,12414,2,13,3,4,2,31,4,4,7,7,0,0,460.375,0.21875,0.0,0,1,1,0,0,0,1,0,0,1,0,0,0,0,1,0,0,0,0,0,0
39,903,2,5,1,41,4,3,3,7880,2560,0,18,3,4,0,9,3,3,8,7,0,7,788.0,0.8,0.7777777777777778,0,1,0,1,1,0,0,0,0,1,0,0,0,0,0,0,1,0,0,1,0
40,1094,28,3,3,58,1,3,1,10932,11373,3,15,3,3,1,20,2,3,1,0,0,1,520.5714285714286,0.047619047619047616,0.5,0,0,0,1,0,0,0,1,0,1,0,0,0,0,0,0,1,0,0,0,0
34,303,2,4,3,75,3,1,3,2231,11314,6,18,3,4,1,6,3,3,4,3,1,2,318.7142857142857,0.5714285714285714,0.4,1,0,0,1,0,1,0,0,0,0,0,0,0,0,0,0,0,1,1,0,0
29,408,25,5,3,71,2,1,2,2546,18300,5,16,3,2,0,6,2,4,2,2,1,1,363.7142857142857,0.2857142857142857,0.3333333333333333,0,1,1,0,0,0,0,0,1,0,0,0,0,0,0,1,0,0,1,0,0
56,310,7,2,4,72,3,1,3,2339,3666,8,11,3,4,1,14,4,1,10,9,9,8,155.93333333333334,0.6666666666666666,0.7272727272727273,0,1,1,0,0,0,0,0,1,1,0,1,0,0,0,0,0,0,1,0,0
32,234,1,4,2,68,2,1,2,2269,18024,0,14,3,2,1,3,2,3,2,2,2,2,567.25,0.5,0.6666666666666666,0,1,0,1,0,0,1,0,0,1,0,0,0,0,0,0,0,1,1,0,0
53,1395,24,4,2,48,4,3,4,7005,3458,3,15,3,3,0,11,2,3,4,3,1,2,583.75,0.3333333333333333,0.4,0,1,1,0,0,0,1,0,0,1,0,0,0,0,0,0,0,0,1,0,0
23,1243,6,3,3,63,4,1,1,1601,3445,1,21,4,3,2,1,2,3,0,0,0,0,800.5,0.0,0.0,0,1,1,0,1,0,0,0,0,1,0,1,0,0,0,0,0,0,1,0,1
35,1212,8,2,3,78,2,3,4,10377,13755,4,11,3,2,1,16,6,2,13,2,4,12,610.4117647058823,0.7647058823529411,0.8571428571428571,0,0,0,1,0,1,0,0,0,0,0,0,0,0,0,0,1,0,1,0,1
48,277,6,3,1,97,2,2,3,4240,13119,2,13,3,4,0,19,0,3,2,2,2,2,212.0,0.1,0.6666666666666666,0,1,1,0,1,0,0,0,0,1,0,0,0,0,0,0,0,0,0,1,0
26,265,29,2,2,79,1,2,1,4969,21813,8,18,3,4,0,7,6,3,2,2,2,2,621.125,0.25,0.6666666666666666,0,0,0,1,0,0,1,0,0,1,0,0,0,0,0,0,1,0,0,1,0
35,664,1,3,2,79,3,1,1,2194,5868,4,13,3,4,1,5,2,2,3,2,1,2,365.6666666666667,0.5,0.5,1,0,1,0,0,0,1,0,0,1,0,0,0,0,0,1,0,0,1,0,0
35,1199,18,4,3,80,3,2,3,5689,24594,1,14,3,4,2,10,2,4,10,2,0,2,517.1818181818181,0.9090909090909091,0.18181818181818182,1,0,1,0,1,0,0,0,0,1,0,0,0,0,0,0,0,0,1,0,1
38,362,1,1,3,43,3,1,1,2619,14561,3,17,3,4,0,8,3,2,0,0,0,0,291.0,0.0,0.0,0,1,1,0,1,0,0,0,0,0,0,0,0,0,0,1,0,0,0,1,0
55,1117,18,5,1,83,3,4,2,16835,9873,3,23,4,4,0,37,2,3,10,9,7,7,443.0263157894737,0.2631578947368421,0.6363636363636364,0,1,0,1,1,0,0,0,0,0,0,0,1,0,0,0,0,0,0,1,0
37,558,2,3,4,75,3,2,3,9602,3010,4,11,3,3,1,17,3,2,3,0,1,0,533.4444444444445,0.16666666666666666,0.0,0,1,0,1,0,1,0,0,0,1,0,0,0,0,0,0,1,0,1,0,1
30,945,9,3,2,89,3,1,4,1081,16019,1,13,3,3,0,1,3,2,1,0,0,0,540.5,0.5,0.0,0,1,0,1,0,0,1,0,0,1,0,0,0,0,0,0,0,1,0,1,0
51,1318,26,4,1,66,3,4,3,16307,5594,2,14,3,3,1,29,2,2,20,6,4,17,543.5666666666667,0.6666666666666666,0.8095238095238095,0,1,0,1,0,1,0,0,0,0,0,0,1,0,0,0,0,0,1,0,0
31,798,7,2,3,48,2,3,3,8943,14034,1,24,4,1,1,10,2,3,10,9,8,9,813.0,0.9090909090909091,0.8181818181818182,1,0,1,0,1,0,0,0,0,0,0,0,0,1,0,0,0,0,1,0,0
57,210,29,3,1,56,2,4,4,14118,22102,3,12,3,3,1,32,3,2,1,0,0,0,427.8181818181818,0.030303030303030304,0.0,0,1,0,1,0,1,0,0,0,1,0,0,1,0,0,0,0,0,0,0,0
32,646,9,4,1,92,3,2,4,6322,18089,1,12,3,4,1,6,2,2,6,4,0,5,903.1428571428571,0.8571428571428571,0.7142857142857143,0,1,1,0,1,0,0,0,0,0,0,0,0,0,0,1,0,0,1,0,1
41,167,12,4,2,46,3,1,4,4766,9051,3,11,3,1,1,6,4,3,1,0,0,0,680.8571428571429,0.14285714285714285,0.0,0,1,1,0,1,0,0,0,0,1,0,1,0,0,0,0,0,0,1,0,1
38,1490,2,2,4,42,3,1,4,1702,12106,1,23,4,3,1,1,3,3,1,0,0,0,851.0,0.5,0.0,1,0,1,0,1,0,0,0,0,1,0,1,0,0,0,0,0,0,1,0,1
27,591,2,3,4,87,3,1,4,2580,6297,2,13,3,3,0,6,0,2,4,2,1,2,368.57142857142856,0.5714285714285714,0.4,1,0,1,0,0,0,1,0,0,1,0,0,0,0,0,1,0,0,0,1,0
37,142,9,4,1,69,3,3,2,8834,24666,1,13,3,4,1,9,6,3,9,5,7,7,883.4,0.9,0.7,0,0,0,1,0,0,1,0,0,1,0,0,0,0,0,0,1,0,0,0,0
44,1488,1,5,2,75,3,2,1,5454,4009,5,21,4,3,1,9,2,2,4,3,1,3,545.4,0.4,0.6,0,1,0,1,0,1,0,0,0,0,0,0,0,0,0,0,1,0,0,0,1
29,1389,21,4,2,51,4,3,1,9980,10195,1,11,3,3,1,10,1,3,10,9,8,8,907.2727272727273,0.9090909090909091,0.7272727272727273,0,1,1,0,1,0,0,0,0,0,0,0,0,1,0,0,0,0,0,0,0
35,776,1,4,3,32,2,2,1,4312,23016,0,14,3,2,0,16,2,3,15,13,2,8,253.64705882352942,0.8823529411764706,0.5,0,1,0,1,0,1,0,0,0,1,0,0,0,0,0,0,1,0,0,1,0
30,793,16,1,2,33,3,1,4,2862,3811,1,12,3,2,1,10,2,2,10,0,0,8,260.1818181818182,0.9090909090909091,0.7272727272727273,0,1,1,0,1,0,0,0,0,1,0,0,0,0,0,1,0,0,1,0,0
38,397,2,2,4,54,2,3,3,7756,14199,3,19,3,4,1,10,6,4,5,4,0,2,705.0909090909091,0.45454545454545453,0.3333333333333333,0,1,1,0,0,0,1,0,0,0,0,0,0,1,0,0,0,0,1,0,1
34,1400,9,1,2,70,3,2,3,5714,5829,1,20,4,1,0,6,3,2,6,5,1,3,816.2857142857143,0.8571428571428571,0.42857142857142855,0,1,0,1,1,0,0,0,0,0,0,0,0,0,0,0,1,0,1,0,0
42,265,5,2,4,90,3,5,3,18303,7770,6,13,3,2,0,21,3,4,1,0,0,0,831.9545454545455,0.045454545454545456,0.0,0,1,0,1,0,1,0,0,0,1,0,0,1,0,0,0,0,0,1,0,0
48,855,4,3,4,54,3,3,4,7898,18706,1,11,3,3,0,11,2,3,10,9,0,8,658.1666666666666,0.8333333333333334,0.7272727272727273,0,1,1,0,1,0,0,0,0,1,0,0,0,1,0,0,0,0,0,1,0
39,408,2,4,4,80,2,2,3,4553,20978,1,11,3,1,0,20,4,3,20,7,11,10,216.8095238095238,0.9523809523809523,0.47619047619047616,0,1,1,0,0,0,0,0,1,0,0,0,0,0,0,0,0,0,0,1,0
49,1002,18,4,4,92,3,2,4,6804,23793,1,15,3,1,2,7,0,3,7,7,1,7,850.5,0.875,0.875,0,0,1,0,1,0,0,0,0,1,0,0,0,1,0,0,0,0,0,0,1
41,896,6,3,4,75,3,3,4,13591,14674,3,18,3,3,0,16,3,3,1,0,0,0,799.4705882352941,0.058823529411764705,0.0,0,1,0,1,1,0,0,0,0,0,0,0,1,0,0,0,0,0,0,1,1
30,1240,9,3,3,48,3,2,4,6347,13982,0,19,3,4,0,12,2,1,11,9,4,7,488.2307692307692,0.8461538461538461,0.5833333333333334,0,1,0,0,0,0,0,0,0,1,1,0,0,0,0,0,0,0,1,0,1
40,458,16,2,3,74,3,1,3,3544,8532,9,16,3,2,1,6,0,3,4,2,0,0,506.2857142857143,0.5714285714285714,0.0,0,0,1,0,1,0,0,0,0,1,0,0,0,0,0,1,0,0,0,0,0
31,667,1,4,2,50,1,1,3,1359,16154,1,12,3,2,0,1,3,3,1,0,0,0,679.5,0.5,0.0,1,0,0,1,1,0,0,0,0,0,0,0,0,0,0,0,0,1,0,1,0
44,1112,1,4,1,50,2,2,3,5985,26894,4,11,3,2,0,10,1,4,2,2,0,2,544.0909090909091,0.18181818181818182,0.6666666666666666,0,1,0,0,1,0,0,0,0,0,1,0,0,0,0,0,0,0,0,1,0
29,1086,7,1,1,62,2,1,4,2532,6054,6,14,3,3,3,8,5,3,4,3,0,3,281.3333333333333,0.4444444444444444,0.6,0,1,1,0,0,0,1,0,0,0,0,1,0,0,0,0,0,0,0,0,0
38,508,6,4,1,72,2,2,3,5321,14284,2,11,3,4,1,10,1,3,8,3,7,7,483.72727272727275,0.7272727272727273,0.7777777777777778,1,0,1,0,1,0,0,0,0,1,0,0,0,1,0,0,0,0,1,0,0
41,1018,1,3,3,66,3,2,1,4103,4297,0,17,3,4,1,10,2,3,9,3,1,7,373.0,0.8181818181818182,0.7,1,0,0,1,0,1,0,0,0,0,0,0,0,0,0,0,1,0,0,0,0
33,586,1,3,1,48,4,2,1,4037,21816,1,22,4,1,1,9,5,3,9,8,0,8,403.7,0.9,0.8,0,1,0,1,0,0,1,0,0,1,0,0,0,0,0,0,1,0,0,0,0
44,1313,7,3,2,31,3,5,4,19049,3549,0,14,3,4,1,23,4,2,22,7,1,10,793.7083333333334,0.9166666666666666,0.43478260869565216,0,1,1,0,0,0,1,0,0,0,0,0,0,0,1,0,0,0,0,0,1
36,427,8,3,1,63,4,3,1,11713,20335,9,14,3,1,1,10,2,3,8,7,0,5,1064.8181818181818,0.7272727272727273,0.5555555555555556,0,0,1,0,1,0,0,0,0,0,0,0,0,0,1,0,0,0,1,0,0
34,304,2,3,4,60,3,2,4,6274,18686,1,22,4,3,0,6,5,3,6,5,1,4,896.2857142857143,0.8571428571428571,0.5714285714285714,0,1,0,1,0,0,0,1,0,1,0,0,0,0,0,0,1,0,0,1,0
46,705,2,4,2,83,3,5,1,18947,22822,3,12,3,4,0,22,2,2,2,2,2,1,823.7826086956521,0.08695652173913043,0.3333333333333333,0,1,0,1,0,1,0,0,0,0,0,0,1,0,0,0,0,0,0,1,0
44,111,17,3,4,74,1,1,3,2290,4279,2,13,3,4,0,6,3,3,0,0,0,0,327.14285714285717,0.0,0.0,0,0,1,0,1,0,0,0,0,1,0,0,0,0,0,1,0,0,0,1,0
35,208,8,4,3,52,3,2,3,4148,12250,1,12,3,4,1,15,5,3,14,11,2,9,259.25,0.875,0.6,0,0,1,0,1,0,0,0,0,0,0,0,0,0,0,0,0,0,1,0,0
29,805,1,2,2,36,2,1,1,2319,6689,1,11,3,4,1,1,1,3,1,0,0,0,1159.5,0.5,0.0,0,1,1,0,1,0,0,0,0,0,0,1,0,0,0,0,0,0,1,0,1
38,827,1,4,2,33,4,2,4,7625,19383,0,13,3,3,0,10,4,2,9,7,1,8,693.1818181818181,0.8181818181818182,0.8,0,1,1,0,1,0,0,0,0,0,0,0,0,0,0,0,0,0,0,1,0
53,1084,13,2,4,57,4,2,1,4450,26250,1,11,3,3,2,5,3,3,4,2,1,3,741.6666666666666,0.6666666666666666,0.6,0,1,1,0,0,0,1,0,0,0,0,0,0,1,0,0,0,0,0,0,0
50,797,4,1,1,96,3,5,2,19144,15815,3,14,3,1,2,28,4,2,10,4,1,6,660.1379310344828,0.3448275862068966,0.5454545454545454,0,1,1,0,1,0,0,0,0,1,0,0,0,0,1,0,0,0,0,0,0
37,1231,21,2,3,54,3,1,4,2973,21222,5,15,3,2,1,10,3,3,5,4,0,0,270.27272727272725,0.45454545454545453,0.0,1,0,0,1,0,0,1,0,0,0,0,0,0,0,0,0,0,1,1,0,0
37,370,10,4,4,58,3,2,1,4213,4992,1,15,3,2,0,10,4,1,10,3,0,8,383.0,0.9090909090909091,0.7272727272727273,0,1,1,0,0,0,1,0,0,1,0,0,0,1,0,0,0,0,0,1,0
38,688,23,4,4,82,3,2,4,5745,18899,9,14,3,2,1,10,2,3,2,2,1,2,522.2727272727273,0.18181818181818182,0.6666666666666666,0,1,1,0,1,0,0,0,0,1,0,0,0,0,0,0,0,0,0,0,0
28,1423,1,3,1,72,2,1,3,1563,12530,1,14,3,4,1,1,2,1,1,0,0,0,781.5,0.5,0.0,0,1,1,0,1,0,0,0,0,1,0,0,0,0,0,1,0,0,0,0,0
55,1091,2,1,4,65,3,3,2,10976,15813,3,18,3,2,1,23,4,3,3,2,1,2,457.3333333333333,0.125,0.5,1,0,1,0,1,0,0,0,0,1,0,0,0,1,0,0,0,0,1,0,0
38,330,17,1,3,65,2,3,3,8823,24608,0,18,3,1,1,20,4,2,19,9,1,9,420.14285714285717,0.9047619047619048,0.45,0,1,1,0,1,0,0,0,0,0,0,0,0,0,0,0,0,0,1,0,0
45,1449,2,3,1,94,1,5,2,18824,2493,2,16,3,1,0,26,2,3,24,10,1,11,697.1851851851852,0.8888888888888888,0.44,0,1,0,1,0,1,0,0,0,0,0,0,1,0,0,0,0,0,0,1,1
31,359,18,5,4,89,4,1,1,2956,21495,0,17,3,3,0,2,4,3,1,0,0,0,985.3333333333334,0.3333333333333333,0.0,0,1,0,0,0,0,0,0,0,1,1,0,0,0,0,0,0,0,1,0,0
43,1273,2,2,4,72,4,1,3,2645,21923,1,12,3,4,2,6,3,2,5,3,1,4,377.85714285714283,0.7142857142857143,0.6666666666666666,0,1,1,0,0,0,1,0,0,0,0,0,0,0,0,1,0,0,0,0,0
40,1137,1,4,1,98,3,4,1,16823,18991,2,11,3,1,1,22,3,3,19,7,11,16,731.4347826086956,0.8260869565217391,0.8,0,1,1,0,1,0,0,0,0,1,0,0,1,0,0,0,0,0,0,0,0
30,1082,12,3,2,83,3,2,3,6577,19558,0,11,3,2,0,6,6,3,5,4,4,4,939.5714285714286,0.7142857142857143,0.6666666666666666,0,1,0,1,0,0,0,0,1,0,0,0,0,0,0,0,1,0,0,1,0
28,736,26,3,3,48,2,2,1,4724,24232,1,11,3,3,1,5,0,3,5,3,0,4,787.3333333333334,0.8333333333333334,0.6666666666666666,0,1,0,1,1,0,0,0,0,1,0,0,0,0,0,0,1,0,1,0,0
18,544,3,2,2,70,3,1,4,1569,18420,1,12,3,3,0,0,2,4,0,0,0,0,1569.0,0.0,0.0,1,0,0,1,0,0,1,0,0,0,0,0,0,0,0,0,0,1,0,1,1
28,529,2,4,1,79,3,1,3,3485,14935,2,11,3,3,0,5,5,1,0,0,0,0,580.8333333333334,0.0,0.0,0,1,1,0,1,0,0,0,0,1,0,1,0,0,0,0,0,0,0,1,0
39,1162,3,2,4,41,3,2,3,5238,17778,4,18,3,1,0,12,3,2,1,0,0,0,402.9230769230769,0.07692307692307693,0.0,0,1,0,1,0,0,1,0,0,0,0,0,0,0,0,0,1,0,1,0,1
25,772,2,1,4,77,4,2,3,5206,4973,1,17,3,3,2,7,6,3,7,7,0,7,650.75,0.875,0.875,1,0,1,0,1,0,0,0,0,1,0,0,0,1,0,0,0,0,0,0,0
33,1242,8,4,1,46,3,2,1,6392,10589,2,13,3,4,1,8,6,1,2,2,2,2,710.2222222222222,0.2222222222222222,0.6666666666666666,0,1,0,1,1,0,0,0,0,1,0,0,0,0,0,0,1,0,1,0,0
28,1475,13,2,4,84,3,2,3,9854,23352,3,11,3,4,0,6,0,3,2,0,2,2,1407.7142857142858,0.2857142857142857,0.6666666666666666,0,1,0,1,0,1,0,0,0,0,0,0,0,0,0,0,1,0,0,1,1
60,1499,28,3,3,80,2,3,1,10266,2845,4,19,3,4,0,22,5,4,18,13,13,11,446.3478260869565,0.782608695652174,0.5789473684210527,1,0,0,1,0,1,0,0,0,0,0,0,0,0,0,0,1,0,1,0,0
42,481,12,3,3,44,3,4,1,13758,2447,0,12,3,2,0,22,2,2,21,9,13,14,598.1739130434783,0.9130434782608695,0.6363636363636364,1,0,0,1,1,0,0,0,0,1,0,0,0,0,0,0,1,0,0,1,1
34,970,8,2,2,96,3,2,3,6142,7360,3,11,3,4,0,10,2,3,5,1,4,3,558.3636363636364,0.45454545454545453,0.5,0,1,1,0,0,0,1,0,0,0,0,0,0,0,0,0,0,0,0,1,0
47,249,2,2,3,35,3,2,4,4537,17783,0,22,4,1,1,8,2,3,7,6,7,7,504.1111111111111,0.7777777777777778,0.875,0,1,0,1,0,1,0,0,0,0,0,0,0,0,0,0,1,0,1,0,1
56,832,9,3,3,81,3,4,4,11103,20420,7,11,3,3,0,30,1,2,10,7,1,1,358.16129032258067,0.3225806451612903,0.09090909090909091,0,1,1,0,0,0,1,0,0,1,0,0,0,0,0,0,0,0,1,0,0
32,953,5,4,2,65,3,1,2,2718,17674,2,14,3,2,0,12,3,3,7,7,0,7,209.07692307692307,0.5384615384615384,0.875,0,0,1,0,0,0,0,0,1,1,0,0,0,0,0,1,0,0,0,1,0
49,1098,4,2,1,85,2,5,3,18711,12124,2,13,3,3,1,23,2,4,1,0,0,0,779.625,0.041666666666666664,0.0,0,1,1,0,0,0,1,0,0,1,0,0,1,0,0,0,0,0,1,0,0
37,889,9,3,2,53,3,1,4,2326,11411,1,12,3,3,3,4,3,2,4,2,1,2,465.2,0.8,0.4,1,0,1,0,0,0,1,0,0,1,0,0,0,0,0,1,0,0,1,0,1
41,143,4,3,1,56,3,2,2,9355,9558,1,18,3,3,0,8,5,3,8,7,7,7,1039.4444444444443,0.8888888888888888,0.7777777777777778,1,0,0,1,0,1,0,0,0,1,0,0,0,0,0,0,1,0,0,1,0
37,921,10,3,3,98,3,1,1,3452,17663,6,20,4,2,1,17,3,3,5,4,0,3,191.77777777777777,0.2777777777777778,0.5,0,1,1,0,0,0,1,0,0,0,0,1,0,0,0,0,0,0,1,0,0
28,467,7,3,3,55,3,2,1,4898,11827,0,14,3,4,0,5,5,3,4,2,1,3,816.3333333333334,0.6666666666666666,0.6,1,0,0,1,1,0,0,0,0,1,0,0,0,0,0,0,1,0,0,1,0
27,1131,15,3,4,77,2,1,1,4774,23844,0,19,3,4,1,8,2,2,7,6,7,3,530.4444444444445,0.7777777777777778,0.375,1,0,1,0,1,0,0,0,0,0,0,0,0,0,0,1,0,0,1,0,0
34,1303,2,4,4,62,2,1,3,2768,8416,3,12,3,3,1,14,3,3,7,3,5,7,184.53333333333333,0.4666666666666667,0.875,0,1,1,0,1,0,0,0,0,1,0,0,0,0,0,1,0,0,0,0,0
37,977,1,3,4,56,2,2,4,6474,9961,1,13,3,2,1,14,2,2,14,8,3,11,431.6,0.9333333333333333,0.7333333333333333,0,1,1,0,1,0,0,0,0,0,0,0,0,1,0,0,0,0,1,0,0
59,1225,1,1,1,57,2,2,3,5473,24668,7,11,3,4,0,20,2,2,4,3,1,3,260.6190476190476,0.19047619047619047,0.6,1,0,0,1,1,0,0,0,0,0,0,0,0,0,0,0,1,0,0,1,0
31,655,7,4,4,48,3,2,4,5915,9528,3,22,4,4,1,10,3,2,7,7,1,7,537.7272727272727,0.6363636363636364,0.875,0,1,1,0,1,0,0,0,0,1,0,1,0,0,0,0,0,0,0,0,0
31,1082,1,4,3,87,3,1,2,2501,18775,1,17,3,2,0,1,4,3,1,1,1,0,1250.5,0.5,0.0,0,1,1,0,0,0,1,0,0,1,0,0,0,0,0,1,0,0,0,1,0
36,506,3,3,3,30,3,2,2,4485,26285,4,12,3,4,0,10,2,3,8,0,7,7,407.72727272727275,0.7272727272727273,0.7777777777777778,0,1,1,0,0,0,0,0,1,1,0,0,0,0,0,1,0,0,0,1,0
27,486,8,3,2,86,4,1,3,3517,22490,7,17,3,1,0,5,0,3,3,2,0,2,586.1666666666666,0.5,0.5,0,1,1,0,0,0,1,0,0,0,0,0,0,0,0,1,0,0,1,0,0
40,1308,14,3,3,44,2,5,3,19626,17544,1,14,3,1,0,21,2,4,20,7,4,9,892.0909090909091,0.9090909090909091,0.42857142857142855,0,1,1,0,0,0,1,0,0,1,0,0,0,0,1,0,0,0,0,1,0
25,685,1,3,1,62,3,2,3,4898,7505,0,12,3,4,2,5,3,3,4,2,1,2,816.3333333333334,0.6666666666666666,0.4,0,1,1,0,1,0,0,0,0,0,0,0,0,1,0,0,0,0,1,0,0
41,267,10,2,4,56,3,2,4,6230,13430,7,14,3,4,0,16,3,3,14,3,1,10,366.47058823529414,0.8235294117647058,0.6666666666666666,0,0,0,1,1,0,0,0,0,1,0,0,0,0,0,0,1,0,0,1,0
50,878,1,4,2,94,3,2,3,6728,14255,7,12,3,4,2,12,3,3,6,3,0,1,517.5384615384615,0.46153846153846156,0.14285714285714285,1,0,0,1,1,0,0,0,0,1,0,0,0,0,0,0,1,0,0,0,0
24,535,24,3,4,38,3,1,4,2400,5530,0,13,3,3,2,3,3,3,2,2,2,1,600.0,0.5,0.3333333333333333,1,0,0,1,0,0,1,0,0,1,0,0,0,0,0,0,0,1,1,0,0
33,536,10,5,4,82,4,3,3,8380,21708,0,14,3,4,2,10,3,3,9,8,0,8,761.8181818181819,0.8181818181818182,0.8,0,1,0,1,0,1,0,0,0,1,0,0,0,0,0,0,1,0,0,0,1
29,1396,10,3,3,99,3,1,3,2642,2755,1,11,3,3,0,1,6,3,1,0,0,0,1321.0,0.5,0.0,0,1,0,1,1,0,0,0,0,1,0,0,0,0,0,0,0,1,0,1,0
42,1265,3,3,3,95,4,2,4,5231,23726,2,13,3,2,1,17,1,2,5,3,1,3,290.6111111111111,0.2777777777777778,0.5,0,1,1,0,1,0,0,0,0,0,0,1,0,0,0,0,0,0,1,0,1
42,1332,2,4,1,98,2,2,4,6781,17078,3,23,4,2,0,14,6,3,1,0,0,0,452.06666666666666,0.06666666666666667,0.0,0,1,1,0,0,0,0,1,0,1,0,0,0,0,0,0,0,0,0,1,0
33,1038,8,1,2,88,2,1,4,2342,21437,0,19,3,4,0,3,2,2,2,2,2,2,585.5,0.5,0.6666666666666666,0,0,0,1,1,0,0,0,0,0,0,0,0,0,0,0,0,1,0,1,0
19,265,25,3,2,57,4,1,4,2994,21221,1,12,3,4,0,1,2,3,1,0,0,1,1497.0,0.5,0.5,0,1,1,0,1,0,0,0,0,0,0,0,0,0,0,1,0,0,0,1,1
26,1443,23,3,3,47,2,2,4,4157,21436,7,19,3,3,1,5,2,2,2,2,0,0,692.8333333333334,0.3333333333333333,0.0,0,1,0,1,0,1,0,0,0,0,0,0,0,0,0,0,1,0,1,0,1
35,384,8,4,1,72,3,1,4,2572,20317,1,16,3,2,1,3,1,2,3,2,0,2,643.0,0.75,0.5,0,1,0,1,1,0,0,0,0,0,0,0,0,0,0,0,0,1,1,0,0
47,666,29,4,1,88,3,3,2,11849,10268,1,12,3,4,1,10,2,2,10,7,9,9,1077.1818181818182,0.9090909090909091,0.8181818181818182,0,0,1,0,1,0,0,0,0,1,0,0,1,0,0,0,0,0,1,0,1
30,1312,23,3,1,96,1,1,3,2613,22310,1,25,4,3,3,10,2,2,10,7,0,9,237.54545454545453,0.9090909090909091,0.8181818181818182,1,0,1,0,1,0,0,0,0,1,0,0,0,0,0,1,0,0,0,0,0
35,1349,7,2,3,63,2,1,4,2690,7713,1,18,3,4,1,1,5,2,1,0,0,1,1345.0,0.5,0.5,0,1,1,0,1,0,0,0,0,1,0,1,0,0,0,0,0,0,1,0,0
32,117,13,4,2,73,3,2,4,4403,9250,2,11,3,3,1,8,3,2,5,2,0,3,489.22222222222223,0.5555555555555556,0.5,0,1,0,1,1,0,0,0,0,1,0,0,0,0,0,0,1,0,0,0,0
34,401,1,3,4,86,2,1,2,3294,3708,5,17,3,1,1,7,2,2,5,4,0,2,411.75,0.625,0.3333333333333333,0,1,1,0,1,0,0,0,0,0,0,1,0,0,0,0,0,0,1,0,0
55,725,2,3,4,78,3,5,1,19859,21199,5,13,3,4,1,24,2,3,5,2,1,4,794.36,0.2,0.6666666666666666,0,1,1,0,0,0,1,0,0,1,0,0,1,0,0,0,0,0,1,0,1
50,881,2,4,1,98,3,4,1,17924,4544,1,11,3,4,1,31,3,3,31,6,14,7,560.125,0.96875,0.21875,0,0,1,0,1,0,0,0,0,1,0,0,1,0,0,0,0,0,0,0,0
36,329,2,3,4,96,3,1,3,2543,11868,4,13,3,2,1,6,3,3,2,2,2,2,363.2857142857143,0.2857142857142857,0.6666666666666666,0,1,1,0,1,0,0,0,0,0,0,0,0,0,0,1,0,0,1,0,0
50,1234,20,5,2,41,3,4,3,11245,20689,2,15,3,3,1,32,3,3,30,8,12,13,340.75757575757575,0.9090909090909091,0.41935483870967744,1,0,1,0,0,0,1,0,0,1,0,0,0,0,0,0,0,0,1,0,1
28,1485,12,1,3,79,3,1,4,2515,22955,1,11,3,4,0,1,4,2,1,1,0,0,1257.5,0.5,0.0,0,1,1,0,1,0,0,0,0,0,0,1,0,0,0,0,0,0,1,0,1
31,1463,23,3,2,64,2,2,4,5582,14408,0,21,4,2,1,10,2,3,9,0,7,8,507.45454545454544,0.8181818181818182,0.8,0,1,1,0,0,0,1,0,0,1,0,0,0,0,0,0,0,0,1,0,0
36,1174,3,4,1,99,3,2,2,9278,20763,3,16,3,4,0,15,3,3,5,4,0,1,579.875,0.3125,0.16666666666666666,0,1,0,1,0,1,0,0,0,0,0,0,0,0,0,0,1,0,0,1,1
27,294,10,2,4,32,3,3,1,8793,4809,1,21,4,3,2,9,4,2,9,7,1,7,879.3,0.9,0.7,1,0,1,0,1,0,0,0,0,1,0,0,0,1,0,0,0,0,0,0,0
32,1401,4,2,3,56,3,1,2,3931,20990,2,11,3,1,1,6,5,3,4,3,1,2,561.5714285714286,0.5714285714285714,0.4,0,1,0,1,1,0,0,0,0,0,0,0,0,0,0,0,0,1,1,0,0
25,180,2,1,1,65,4,1,1,3424,21632,7,13,3,3,0,6,3,2,4,3,0,1,489.14285714285717,0.5714285714285714,0.2,0,1,1,0,0,0,1,0,0,1,0,0,0,0,0,1,0,0,0,1,0
40,1398,2,4,3,79,3,5,3,18041,13022,0,14,3,4,0,21,2,3,20,15,1,12,820.0454545454545,0.9090909090909091,0.5714285714285714,0,1,0,1,1,0,0,0,0,0,0,0,1,0,0,0,0,0,1,0,0
49,301,22,4,1,72,3,4,2,16413,3498,3,16,3,2,2,27,2,3,4,2,1,2,586.1785714285714,0.14285714285714285,0.4,0,1,1,0,0,0,0,1,0,0,0,0,0,0,1,0,0,0,1,0,0
33,1296,6,3,3,30,3,2,4,7725,5335,3,23,4,3,1,15,2,1,13,11,4,7,482.8125,0.8125,0.5,1,0,1,0,1,0,0,0,0,1,0,0,0,0,0,0,0,0,0,0,0
32,827,1,1,4,71,3,1,1,2956,15178,1,13,3,4,0,1,2,3,1,0,0,0,1478.0,0.5,0.0,0,1,1,0,1,0,0,0,0,1,0,0,0,0,0,1,0,0,0,1,0
36,1157,2,4,3,70,3,1,4,2644,17001,3,21,4,4,0,7,3,2,3,2,1,2,330.5,0.375,0.5,0,1,0,1,1,0,0,0,0,1,0,0,0,0,0,0,0,1,0,1,1
51,1405,11,2,4,82,2,4,2,13142,24439,3,16,3,2,0,29,1,2,5,2,0,3,438.06666666666666,0.16666666666666666,0.5,0,1,1,0,0,0,0,0,1,0,0,0,0,1,0,0,0,0,0,1,0
30,448,12,4,2,74,2,1,1,2033,14470,1,18,3,3,1,1,2,4,1,0,0,0,1016.5,0.5,0.0,1,0,0,1,1,0,0,0,0,1,0,0,0,0,0,0,0,1,1,0,0
54,584,22,5,2,91,3,4,3,17426,18685,3,25,4,3,1,36,6,3,10,8,4,7,470.97297297297297,0.2702702702702703,0.6363636363636364,0,1,1,0,0,0,1,0,0,0,0,0,1,0,0,0,0,0,1,0,0
31,1125,7,4,1,68,3,3,1,9637,8277,2,14,3,4,2,9,3,3,3,2,2,2,963.7,0.3,0.5,1,0,0,1,0,1,0,0,0,0,0,0,0,0,0,0,1,0,1,0,0
35,802,10,3,2,45,3,1,4,3917,9541,1,20,4,1,1,3,4,2,3,2,1,2,979.25,0.75,0.5,0,1,1,0,0,0,0,1,0,1,0,1,0,0,0,0,0,0,0,0,0
47,207,9,4,2,64,3,1,3,2105,5411,4,12,3,3,0,7,2,3,2,2,2,0,263.125,0.25,0.0,0,1,1,0,1,0,0,0,0,0,0,1,0,0,0,0,0,0,0,1,0
45,974,1,4,4,91,3,1,4,2270,11005,3,14,3,4,2,8,2,3,5,3,0,2,252.22222222222223,0.5555555555555556,0.3333333333333333,0,1,1,0,0,0,1,0,0,0,0,1,0,0,0,0,0,0,0,0,0
27,269,5,1,3,42,2,3,4,12808,8842,1,16,3,2,1,9,3,3,9,8,0,8,1280.8,0.9,0.8,0,1,1,0,0,0,0,0,1,1,0,0,0,0,1,0,0,0,0,0,1
47,1001,4,3,3,92,2,3,2,10333,19271,8,12,3,3,1,28,4,3,22,11,14,10,356.3103448275862,0.7586206896551724,0.43478260869565216,0,1,1,0,1,0,0,0,0,0,0,0,0,1,0,0,0,0,0,0,1
55,1229,4,4,4,30,3,2,3,4035,16143,0,16,3,2,0,4,2,3,3,2,1,2,807.0,0.6,0.5,0,1,1,0,1,0,0,0,0,1,0,0,0,0,0,0,0,0,1,0,1
54,397,19,4,3,88,3,3,2,10725,6729,2,15,3,3,1,16,1,4,9,7,7,1,630.8823529411765,0.5294117647058824,0.1,0,1,0,0,0,0,1,0,0,1,1,0,0,0,0,0,0,0,1,0,0
31,1232,7,4,3,39,3,3,4,7143,25713,1,14,3,3,0,11,2,2,11,9,4,10,595.25,0.9166666666666666,0.8333333333333334,0,1,1,0,0,0,1,0,0,0,0,0,0,1,0,0,0,0,0,1,1
41,1276,2,5,2,91,3,4,1,16595,5626,7,16,3,2,1,22,2,3,18,16,11,8,721.5217391304348,0.782608695652174,0.42105263157894735,0,1,0,1,1,0,0,0,0,0,0,0,1,0,0,0,0,0,1,0,0
29,995,2,1,1,87,3,2,4,8853,24483,1,19,3,4,1,6,0,4,6,4,1,3,1264.7142857142858,0.8571428571428571,0.42857142857142855,1,0,1,0,1,0,0,0,0,1,0,0,0,0,0,0,0,0,0,0,0
39,1462,6,3,4,38,4,3,3,8237,4658,2,11,3,1,1,11,3,3,7,6,7,6,686.4166666666666,0.5833333333333334,0.75,0,1,0,1,0,0,1,0,0,1,0,0,0,0,0,0,1,0,1,0,0
39,1132,1,3,3,48,4,3,4,9613,10942,0,17,3,1,3,19,5,2,18,10,3,7,480.65,0.9,0.3684210526315789,0,1,1,0,0,0,1,0,0,1,0,0,0,0,0,0,0,0,0,0,0
31,1222,11,4,4,48,3,1,4,2356,14871,3,19,3,2,1,8,2,3,6,4,0,2,261.77777777777777,0.6666666666666666,0.2857142857142857,0,1,1,0,1,0,0,0,0,1,0,0,0,0,0,1,0,0,1,0,1
35,1276,16,3,4,72,3,3,3,7632,14295,4,12,3,3,0,10,2,3,8,7,0,0,693.8181818181819,0.7272727272727273,0.0,0,1,1,0,1,0,0,0,0,1,0,0,0,0,0,0,0,0,1,0,1
24,506,29,1,2,91,3,1,1,3907,3622,1,13,3,2,3,6,2,4,6,2,1,2,558.1428571428571,0.8571428571428571,0.2857142857142857,0,1,1,0,0,0,1,0,0,1,0,1,0,0,0,0,0,0,0,0,0
27,472,1,1,3,60,2,2,1,4298,9679,5,19,3,3,1,6,1,3,2,2,2,0,614.0,0.2857142857142857,0.0,1,0,1,0,0,0,0,0,1,1,0,0,0,1,0,0,0,0,1,0,0
26,390,17,4,4,62,1,1,3,2305,6217,1,15,3,3,3,3,3,4,3,2,0,2,576.25,0.75,0.5,0,1,1,0,0,0,1,0,0,1,0,1,0,0,0,0,0,0,1,0,0
43,782,6,4,2,50,2,4,4,16627,2671,4,14,3,3,1,21,3,2,1,0,0,0,755.7727272727273,0.045454545454545456,0.0,0,1,1,0,0,0,0,1,0,1,0,0,0,0,1,0,0,0,0,0,1
27,1103,14,3,1,42,3,1,1,2235,14377,1,14,3,4,2,9,3,2,9,7,6,8,223.5,0.9,0.8,0,1,1,0,1,0,0,0,0,1,0,0,0,0,0,1,0,0,1,0,1
36,884,23,2,3,41,4,2,4,2571,12290,4,17,3,3,1,17,3,3,5,2,0,3,142.83333333333334,0.2777777777777778,0.5,1,0,1,0,0,0,1,0,0,1,0,1,0,0,0,0,0,0,1,0,0
31,754,26,4,1,63,3,2,4,5617,21075,1,11,3,3,0,10,4,3,10,7,0,8,510.6363636363636,0.9090909090909091,0.7272727272727273,1,0,0,1,0,1,0,0,0,1,0,0,0,0,0,0,1,0,1,0,1
50,691,2,3,3,64,3,4,3,17639,6881,5,16,3,4,0,30,3,3,4,3,0,3,569.0,0.12903225806451613,0.6,0,1,1,0,0,0,1,0,0,1,0,0,0,0,1,0,0,0,1,0,0
33,750,22,2,3,95,3,2,2,6146,15480,0,13,3,1,1,8,2,4,7,7,0,7,682.8888888888889,0.7777777777777778,0.875,0,0,0,1,0,1,0,0,0,1,0,0,0,0,0,0,1,0,1,0,0
36,217,18,4,1,78,3,2,4,7779,23238,2,20,4,1,0,18,0,3,11,9,0,9,409.42105263157896,0.5789473684210527,0.75,0,0,1,0,1,0,0,0,0,1,0,0,0,1,0,0,0,0,0,1,0
36,1041,13,3,3,36,3,1,2,2143,25527,4,13,3,2,1,8,2,3,5,2,0,4,238.11111111111111,0.5555555555555556,0.6666666666666666,0,1,0,0,0,0,0,0,0,1,1,0,0,0,0,0,0,0,1,0,0
29,1496,1,1,4,41,3,2,3,4319,26283,1,13,3,1,1,10,1,3,10,7,0,9,392.6363636363636,0.9090909090909091,0.8181818181818182,0,0,1,0,0,0,0,0,1,1,0,0,0,1,0,0,0,0,1,0,0
26,1355,25,1,3,61,3,1,3,2942,8916,1,23,4,4,1,8,3,3,8,7,5,7,326.8888888888889,0.8888888888888888,0.7777777777777778,0,1,0,0,1,0,0,0,0,0,1,0,0,0,0,0,0,0,1,0,0
43,1344,7,3,4,37,4,1,4,2089,5228,4,14,3,4,3,7,3,4,5,4,2,2,261.125,0.625,0.3333333333333333,0,0,1,0,0,0,1,0,0,1,0,0,0,0,0,1,0,0,0,0,0
34,204,14,3,3,31,3,1,3,2579,2912,1,18,3,4,2,8,3,3,8,2,0,6,286.55555555555554,0.8888888888888888,0.6666666666666666,0,1,0,1,0,0,0,0,1,0,0,0,0,0,0,0,0,1,0,0,1
47,543,2,4,3,87,3,2,2,4978,3536,7,11,3,4,1,4,3,1,1,0,0,0,995.6,0.2,0.0,0,0,0,1,0,1,0,0,0,1,0,0,0,0,0,0,1,0,1,0,0
45,1385,20,2,3,79,3,4,4,13496,7501,0,14,3,2,0,21,2,3,20,7,4,10,613.4545454545455,0.9090909090909091,0.47619047619047616,0,1,1,0,0,0,1,0,0,1,0,0,0,0,0,0,0,0,1,0,1
47,359,2,4,1,82,3,4,3,17169,26703,3,19,3,2,2,26,2,4,20,17,5,6,635.8888888888889,0.7407407407407407,0.2857142857142857,0,1,1,0,0,0,1,0,0,0,0,0,0,0,1,0,0,0,1,0,0
32,414,2,4,3,82,2,2,2,9907,26186,7,12,3,3,0,7,3,2,2,2,2,2,1238.375,0.25,0.6666666666666666,0,1,0,1,0,1,0,0,0,1,0,0,0,0,0,0,1,0,0,1,1
53,447,2,3,4,39,4,4,2,16598,19764,4,12,3,2,0,35,2,2,9,8,8,8,461.05555555555554,0.25,0.8,0,1,1,0,0,0,1,0,0,1,0,0,0,0,1,0,0,0,0,1,0
34,131,2,3,3,86,3,2,1,4538,6039,0,12,3,4,0,4,3,3,3,2,0,2,907.6,0.6,0.5,0,1,0,1,0,1,0,0,0,0,0,0,0,0,0,0,1,0,0,1,1
39,524,18,2,1,32,3,2,3,4534,13352,0,11,3,1,0,9,6,3,8,7,1,7,453.4,0.8,0.7777777777777778,0,1,1,0,1,0,0,0,0,1,0,0,0,1,0,0,0,0,0,1,0
28,120,4,3,2,43,3,2,3,4221,8863,1,15,3,2,0,5,3,4,5,4,0,4,703.5,0.8333333333333334,0.6666666666666666,0,0,0,1,0,0,1,0,0,1,0,0,0,0,0,0,1,0,1,0,0
48,117,22,3,4,58,3,4,4,17174,2437,3,11,3,2,1,24,3,3,22,17,4,7,686.96,0.88,0.30434782608695654,1,0,1,0,0,0,1,0,0,0,0,0,1,0,0,0,0,0,0,0,0
37,1319,6,3,3,51,4,2,1,5974,17001,4,13,3,1,2,13,2,3,7,7,6,7,426.7142857142857,0.5,0.875,0,1,1,0,0,0,1,0,0,1,0,0,0,0,0,1,0,0,0,0,1
22,617,3,1,2,34,3,2,3,4171,10022,0,19,3,1,1,4,3,4,3,2,0,2,834.2,0.6,0.5,0,1,1,0,1,0,0,0,0,0,0,0,0,1,0,0,0,0,1,0,1
46,1009,2,3,1,51,3,4,3,17861,2288,6,13,3,3,0,26,2,1,3,2,0,1,661.5185185185185,0.1111111111111111,0.25,0,1,1,0,1,0,0,0,0,1,0,0,0,0,1,0,0,0,1,0,0
46,717,13,4,3,34,3,2,2,5562,9697,6,14,3,4,0,19,3,3,10,7,0,9,278.1,0.5,0.8181818181818182,0,1,1,0,1,0,0,0,0,1,0,0,0,0,0,0,0,0,0,1,0
47,703,14,4,4,42,3,2,1,4960,11825,2,12,3,4,0,20,2,3,7,7,1,7,236.1904761904762,0.3333333333333333,0.875,0,1,0,1,0,1,0,0,0,1,0,0,0,0,0,0,1,0,0,1,0
24,897,10,3,1,59,3,1,4,2145,2097,0,14,3,4,1,3,2,3,2,2,2,1,536.25,0.5,0.3333333333333333,1,0,0,0,0,0,1,0,0,1,1,0,0,0,0,0,0,0,1,0,0
42,1396,6,3,3,83,3,3,1,13348,14842,9,13,3,2,1,18,3,4,13,7,5,7,702.5263157894736,0.6842105263157895,0.5,0,1,1,0,0,0,1,0,0,1,0,0,0,0,1,0,0,0,1,0,0
44,1193,2,1,2,86,3,3,3,10209,19719,5,18,3,2,0,16,2,2,2,2,2,2,600.5294117647059,0.11764705882352941,0.6666666666666666,1,0,1,0,0,0,1,0,0,1,0,0,0,1,0,0,0,0,0,1,1
44,1037,1,3,2,42,3,1,4,2436,13422,6,12,3,3,0,6,2,3,4,3,1,2,348.0,0.5714285714285714,0.4,0,1,1,0,0,0,1,0,0,1,0,0,0,0,0,1,0,0,0,1,1
54,971,1,3,4,54,3,4,4,17328,5652,6,19,3,4,0,29,3,2,20,7,12,7,577.6,0.6666666666666666,0.3333333333333333,0,1,1,0,0,0,1,0,0,0,0,0,0,0,1,0,0,0,0,1,0
45,176,4,3,3,56,1,3,3,9756,6595,4,21,4,3,2,9,2,4,5,0,0,3,975.6,0.5,0.5,0,1,0,0,1,0,0,0,0,0,1,0,0,0,0,0,0,0,1,0,0
27,443,3,3,4,50,3,1,4,1706,16571,1,11,3,3,3,0,6,2,0,0,0,0,1706.0,0.0,0.0,0,0,1,0,0,0,1,0,0,1,0,0,0,0,0,1,0,0,1,0,0
30,464,4,3,3,40,3,1,4,2285,3427,9,23,4,3,0,3,4,3,1,0,0,0,571.25,0.25,0.0,1,0,1,0,0,0,0,0,1,1,0,0,0,0,0,1,0,0,0,1,1
27,1134,16,4,3,37,3,1,2,2811,12086,9,14,3,2,1,4,2,3,2,2,2,2,562.2,0.4,0.6666666666666666,0,1,1,0,0,0,0,0,1,0,0,1,0,0,0,0,0,0,1,0,0
29,1010,1,3,1,97,3,1,4,3760,5598,1,15,3,1,3,3,5,3,3,2,1,2,940.0,0.75,0.5,0,1,1,0,1,0,0,0,0,0,0,0,0,0,0,1,0,0,0,0,0
26,887,5,2,3,88,2,1,3,2366,20898,1,14,3,1,1,8,2,3,8,7,1,7,262.8888888888889,0.8888888888888888,0.7777777777777778,1,0,1,0,0,0,1,0,0,0,0,0,0,0,0,1,0,0,1,0,1
36,1040,3,2,4,79,4,2,1,6842,26308,6,20,4,1,1,13,3,3,5,4,0,4,488.7142857142857,0.35714285714285715,0.6666666666666666,0,1,1,0,1,0,0,0,0,1,0,0,0,0,0,0,0,0,0,0,0
29,738,9,5,2,30,2,1,4,3983,7621,0,17,3,3,0,4,2,3,3,2,2,2,796.6,0.6,0.5,0,1,1,0,0,0,0,1,0,1,0,1,0,0,0,0,0,0,0,1,0
33,118,16,3,1,69,3,2,1,5324,26507,5,15,3,3,0,6,3,3,3,2,0,2,760.5714285714286,0.42857142857142855,0.5,0,1,0,1,0,1,0,0,0,0,0,0,0,0,0,0,1,0,0,1,0
54,1441,17,3,3,56,3,3,3,10739,13943,8,11,3,3,1,22,2,3,10,7,0,8,466.9130434782609,0.43478260869565216,0.7272727272727273,0,1,1,0,0,0,0,0,1,0,0,0,0,1,0,0,0,0,1,0,0
31,1365,13,4,2,46,3,2,1,4233,11512,2,17,3,3,0,9,2,1,3,1,1,2,423.3,0.3,0.5,0,1,0,1,0,0,1,0,0,1,0,0,0,0,0,0,1,0,0,0,0
40,1300,24,2,1,62,3,2,4,3319,24447,1,17,3,1,2,9,3,3,9,8,4,7,331.9,0.9,0.7,0,1,1,0,0,0,0,0,1,1,0,0,0,0,0,1,0,0,0,0,0
47,1176,26,4,4,98,3,5,3,19658,5220,3,11,3,3,1,27,2,3,5,2,1,0,702.0714285714286,0.17857142857142858,0.0,0,1,0,0,1,0,0,0,0,0,0,0,1,0,0,0,0,0,1,0,0
30,1312,2,4,4,78,2,1,1,4968,26427,0,16,3,4,0,10,2,3,9,7,0,7,451.6363636363636,0.8181818181818182,0.7,1,0,1,0,0,0,0,0,1,0,0,0,0,0,0,1,0,0,0,1,0
31,670,26,1,1,31,3,1,3,2911,15170,1,17,3,4,1,5,1,2,5,2,4,3,485.1666666666667,0.8333333333333334,0.5,0,1,1,0,1,0,0,0,0,1,0,0,0,0,0,1,0,0,0,0,0
38,653,29,5,4,50,3,2,4,2406,5456,1,11,3,4,0,10,2,3,10,3,9,9,218.72727272727272,0.9090909090909091,0.8181818181818182,1,0,1,0,1,0,0,0,0,0,0,1,0,0,0,0,0,0,0,1,0
35,1296,5,4,3,62,3,3,2,8095,18264,0,13,3,4,0,17,5,3,16,6,0,13,449.72222222222223,0.8888888888888888,0.7647058823529411,0,1,1,0,0,0,0,0,1,1,0,0,0,1,0,0,0,0,0,1,0
56,1369,23,3,4,68,3,4,2,13402,18235,4,12,3,1,1,33,0,3,19,16,15,9,394.1764705882353,0.5588235294117647,0.45,0,1,1,0,1,0,0,0,0,1,0,0,0,1,0,0,0,0,1,0,1
37,319,4,4,1,41,3,1,4,2793,2539,4,17,3,3,1,13,2,3,9,8,5,8,199.5,0.6428571428571429,0.8,1,0,0,1,0,1,0,0,0,1,0,0,0,0,0,0,0,1,0,0,0
34,1065,23,4,2,72,3,2,3,4568,10034,0,20,4,3,0,10,2,3,9,5,8,7,415.27272727272725,0.8181818181818182,0.7,0,0,0,1,0,1,0,0,0,1,0,0,0,0,0,0,1,0,0,1,0
41,1085,2,4,2,57,1,1,4,2778,17725,4,13,3,3,1,10,1,2,7,7,1,0,252.54545454545453,0.6363636363636364,0.0,0,1,1,0,1,0,0,0,0,0,0,1,0,0,0,0,0,0,0,0,1
40,543,1,4,1,83,3,1,4,2406,4060,8,19,3,3,2,8,3,2,1,0,0,0,267.3333333333333,0.1111111111111111,0.0,0,1,1,0,1,0,0,0,0,1,0,1,0,0,0,0,0,0,1,0,0
50,1126,1,2,4,66,3,4,4,17399,6615,9,22,4,3,1,32,1,2,5,4,1,3,527.2424242424242,0.15151515151515152,0.5,0,1,1,0,0,0,1,0,0,1,0,0,0,0,1,0,0,0,0,0,0
39,1485,25,2,3,71,3,3,3,10920,3449,3,21,4,2,1,13,2,3,6,4,0,5,780.0,0.42857142857142855,0.7142857142857143,0,0,1,0,1,0,0,0,0,1,0,0,0,0,0,0,0,0,1,0,0
21,984,1,1,4,70,2,1,2,2070,25326,1,11,3,3,0,2,6,4,2,2,2,2,690.0,0.6666666666666666,0.6666666666666666,0,1,1,0,0,0,0,0,1,0,0,0,0,0,0,1,0,0,0,1,1
38,1336,2,3,1,100,3,1,2,2592,7129,5,13,3,4,3,13,3,3,11,10,3,8,185.14285714285714,0.7857142857142857,0.6666666666666666,0,0,0,0,0,0,0,0,0,1,1,0,0,0,0,0,0,0,0,0,0
39,1253,10,1,3,65,3,3,3,13464,7914,7,21,4,3,0,9,3,3,4,3,2,2,1346.4,0.4,0.4,0,1,1,0,0,0,1,0,0,1,0,0,0,0,1,0,0,0,0,1,0
34,735,3,1,4,75,2,2,4,8103,16495,3,12,3,3,0,9,3,2,4,2,0,1,810.3,0.4,0.2,0,1,0,1,0,0,1,0,0,0,0,0,0,0,0,0,1,0,1,0,1
39,360,23,3,3,93,3,1,1,3904,22154,0,13,3,1,0,6,2,3,5,2,0,3,557.7142857142857,0.7142857142857143,0.5,0,1,1,0,0,0,1,0,0,1,0,0,0,0,0,1,0,0,0,1,0
32,238,5,2,1,47,4,1,3,2432,15318,3,14,3,1,0,8,2,3,4,1,0,3,270.22222222222223,0.4444444444444444,0.6,1,0,1,0,1,0,0,0,0,0,0,0,0,0,0,1,0,0,0,1,1
33,134,2,3,3,90,3,1,4,2500,10515,0,14,3,1,0,4,2,4,3,1,0,2,500.0,0.6,0.5,0,1,1,0,1,0,0,0,0,1,0,0,0,0,0,1,0,0,0,1,0
38,243,7,4,4,46,2,2,4,4028,7791,0,20,4,1,0,8,2,3,7,7,0,5,447.55555555555554,0.7777777777777778,0.625,0,1,0,1,0,1,0,0,0,0,0,0,0,0,0,0,1,0,0,1,0
45,1448,29,3,2,55,3,3,4,9380,14720,4,18,3,4,2,10,4,4,3,1,1,2,852.7272727272727,0.2727272727272727,0.5,0,1,1,0,0,0,0,0,1,1,0,0,0,1,0,0,0,0,1,0,1
39,711,4,3,1,81,3,2,3,5042,3140,0,13,3,4,0,10,2,1,9,2,3,8,458.3636363636364,0.8181818181818182,0.8,1,0,1,0,0,0,1,0,0,0,0,0,0,1,0,0,0,0,0,1,0
56,713,8,3,3,67,3,1,1,4257,13939,4,18,3,3,1,19,3,3,2,2,2,2,212.85,0.1,0.6666666666666666,0,1,1,0,1,0,0,0,0,0,0,0,0,0,0,1,0,0,0,0,1
46,1485,18,3,3,87,3,2,3,4810,26314,2,14,3,3,1,19,5,2,10,7,0,8,240.5,0.5,0.7272727272727273,0,1,1,0,0,0,1,0,0,0,0,0,0,1,0,0,0,0,0,0,0
33,515,1,2,1,98,3,3,4,13458,15146,1,12,3,3,0,15,1,3,15,14,8,12,841.125,0.9375,0.75,1,0,1,0,1,0,0,0,0,0,0,0,0,0,1,0,0,0,0,1,1
53,1376,2,2,3,45,3,4,3,14852,13938,6,13,3,3,1,22,3,4,17,13,15,2,645.7391304347826,0.7391304347826086,0.1111111111111111,0,1,0,1,0,0,1,0,0,1,0,0,1,0,0,0,0,0,0,0,0
30,317,2,3,3,43,1,2,4,6091,24793,2,20,4,3,0,11,2,3,5,4,0,2,507.5833333333333,0.4166666666666667,0.3333333333333333,0,1,1,0,1,0,0,0,0,0,0,0,0,1,0,0,0,0,0,1,0
47,1482,5,5,4,42,3,5,3,18300,16375,4,11,3,2,1,21,2,3,3,2,1,1,831.8181818181819,0.13636363636363635,0.25,0,1,1,0,1,0,0,0,0,1,0,0,0,0,1,0,0,0,1,0,0
25,810,8,3,4,57,4,2,2,4851,15678,0,22,4,3,1,4,4,3,3,2,1,2,970.2,0.6,0.5,0,1,0,1,1,0,0,0,0,1,0,0,0,0,0,0,1,0,1,0,0
28,329,24,3,3,51,3,1,2,2408,7324,1,17,3,3,3,1,3,3,1,1,0,0,1204.0,0.5,0.0,0,1,1,0,0,0,1,0,0,1,0,1,0,0,0,0,0,0,1,0,1
35,556,23,2,2,50,2,2,3,5916,15497,3,13,3,1,0,8,1,3,1,0,0,1,657.3333333333334,0.1111111111111111,0.5,0,1,1,0,1,0,0,0,0,1,0,0,0,1,0,0,0,0,1,0,1
43,957,28,3,2,72,4,1,3,4739,16090,4,12,3,4,0,18,2,3,3,2,1,2,249.42105263157896,0.15789473684210525,0.5,1,0,1,0,0,0,1,0,0,0,0,0,0,0,0,1,0,0,0,1,0
43,1001,7,3,3,43,3,3,1,9985,9262,8,16,3,1,1,10,1,2,1,0,0,0,907.7272727272727,0.09090909090909091,0.0,0,1,1,0,1,0,0,0,0,0,0,0,0,0,0,0,0,0,1,0,0
46,261,21,2,4,66,3,2,2,8926,10842,4,22,4,4,1,13,2,4,9,7,3,7,637.5714285714286,0.6428571428571429,0.7,0,1,1,0,0,0,1,0,0,0,0,0,0,0,0,0,0,0,1,0,0
22,1136,5,3,4,60,4,1,2,2328,12392,1,16,3,1,1,4,2,2,4,2,2,2,465.6,0.8,0.4,0,1,1,0,1,0,0,0,0,1,0,0,0,0,0,1,0,0,0,0,1
42,647,4,4,2,45,3,2,1,5155,2253,7,13,3,4,0,9,3,4,6,4,1,5,515.5,0.6,0.7142857142857143,0,1,0,1,0,1,0,0,0,1,0,0,0,0,0,0,1,0,0,1,0
34,1130,3,3,4,66,3,2,2,5433,19332,1,12,3,3,1,11,2,3,11,8,7,9,452.75,0.9166666666666666,0.75,0,1,1,0,1,0,0,0,0,0,0,0,0,0,0,1,0,0,0,0,0
48,1469,20,4,4,51,3,1,3,2259,5543,4,17,3,1,2,13,2,2,0,0,0,0,161.35714285714286,0.0,0.0,0,1,1,0,0,0,1,0,0,1,0,0,0,0,0,1,0,0,1,0,0
34,653,10,4,4,92,2,2,3,5063,15332,1,14,3,2,1,8,3,2,8,2,7,7,562.5555555555555,0.8888888888888888,0.7777777777777778,1,0,1,0,0,0,0,0,1,1,0,0,0,0,0,0,0,0,1,0,0
55,111,1,2,1,70,3,3,4,10239,18092,3,14,3,4,1,24,4,3,1,0,1,0,409.56,0.04,0.0,0,1,0,1,1,0,0,0,0,1,0,0,0,0,0,0,1,0,1,0,0
47,1180,25,3,1,84,3,3,3,8633,13084,2,23,4,2,0,25,3,3,17,14,12,11,332.03846153846155,0.6538461538461539,0.6111111111111112,0,1,1,0,0,0,1,0,0,1,0,0,0,0,0,0,0,0,0,1,0
52,715,19,4,4,41,3,1,4,4258,26589,0,18,3,1,1,5,3,3,4,3,1,2,709.6666666666666,0.6666666666666666,0.4,0,0,1,0,0,0,1,0,0,1,0,0,0,0,0,1,0,0,1,0,0
20,727,9,1,4,54,3,1,1,2728,21082,1,11,3,1,0,2,3,3,2,2,0,2,909.3333333333334,0.6666666666666666,0.6666666666666666,0,1,0,1,1,0,0,0,0,1,0,0,0,0,0,0,0,1,0,1,0
35,1137,21,1,4,51,3,2,4,4014,19170,1,25,4,4,1,10,2,1,10,6,0,7,364.90909090909093,0.9090909090909091,0.6363636363636364,0,1,1,0,1,0,0,0,0,0,0,0,0,0,0,0,0,0,1,0,1
44,1459,10,4,4,41,3,2,4,6465,19121,2,13,3,4,0,9,5,4,4,2,1,3,646.5,0.4,0.6,0,1,1,0,0,0,0,1,0,1,0,0,0,0,0,0,0,0,1,0,1
23,885,4,3,1,58,4,1,1,2819,8544,2,16,3,1,1,5,3,4,3,2,0,2,469.8333333333333,0.5,0.5,0,1,1,0,0,0,1,0,0,1,0,0,0,0,0,1,0,0,1,0,0
38,201,10,3,2,99,1,3,3,13206,3376,3,12,3,1,1,20,3,3,18,16,1,11,628.8571428571429,0.8571428571428571,0.5789473684210527,0,1,1,0,0,0,1,0,0,0,0,0,0,0,1,0,0,0,1,0,0
45,1038,20,3,2,95,1,3,1,10851,19863,2,18,3,2,1,24,2,3,7,7,0,7,434.04,0.28,0.875,0,1,1,0,0,0,1,0,0,1,0,0,0,0,0,0,0,0,0,0,1
32,964,1,2,1,34,1,2,2,6735,12147,6,15,3,2,0,10,2,3,0,0,0,0,612.2727272727273,0.0,0.0,0,1,0,1,1,0,0,0,0,1,0,0,0,0,0,0,1,0,0,1,0
40,575,22,2,3,68,2,2,3,6380,6110,2,12,3,1,2,8,6,3,6,4,1,0,708.8888888888889,0.6666666666666666,0.0,0,1,0,1,0,1,0,0,0,1,0,0,0,0,0,0,1,0,1,0,1
35,1361,17,4,3,94,3,2,1,8966,21026,3,15,3,4,3,15,2,3,7,7,1,7,560.375,0.4375,0.875,0,1,0,1,1,0,0,0,0,1,0,0,0,0,0,0,1,0,1,0,1
53,346,6,3,4,86,3,2,4,2450,10919,2,17,3,4,0,19,4,3,2,2,2,2,122.5,0.1,0.6666666666666666,0,1,1,0,1,0,0,0,0,1,0,1,0,0,0,0,0,0,0,1,0
32,604,8,3,3,56,4,2,4,6209,11693,1,15,3,3,2,10,4,4,10,7,0,8,564.4545454545455,0.9090909090909091,0.7272727272727273,0,1,0,1,0,0,1,0,0,1,0,0,0,0,0,0,1,0,1,0,0
34,704,28,3,4,95,2,2,3,6712,8978,1,21,4,4,2,8,2,3,8,7,1,7,745.7777777777778,0.8888888888888888,0.7777777777777778,0,1,0,1,0,1,0,0,0,0,0,0,0,0,0,0,1,0,1,0,0
27,1157,17,3,3,51,3,1,2,3058,13364,0,16,3,4,1,6,3,2,5,2,1,1,436.85714285714283,0.7142857142857143,0.16666666666666666,0,1,1,0,0,0,0,0,1,1,0,0,0,0,0,1,0,0,1,0,1
42,748,9,2,1,74,3,1,4,3673,16458,1,13,3,3,0,12,3,3,12,9,5,8,282.53846153846155,0.9230769230769231,0.6153846153846154,1,0,1,0,0,0,1,0,0,0,0,1,0,0,0,0,0,0,0,1,0
28,783,1,2,3,42,2,2,4,6834,19255,1,12,3,3,1,7,2,3,7,7,0,7,854.25,0.875,0.875,1,0,0,1,1,0,0,0,0,1,0,0,0,0,0,0,1,0,1,0,1
45,194,9,3,2,60,3,2,2,2348,10901,8,18,3,3,1,20,2,1,17,9,0,15,111.80952380952381,0.8095238095238095,0.8333333333333334,0,1,1,0,1,0,0,0,0,1,0,1,0,0,0,0,0,0,0,0,0
40,616,2,2,3,99,3,1,1,3377,25605,4,17,3,4,1,7,5,2,4,3,0,2,422.125,0.5,0.4,0,1,1,0,1,0,0,0,0,0,0,1,0,0,0,0,0,0,1,0,0
52,258,8,4,3,54,3,1,1,2950,17363,9,13,3,3,0,12,2,1,5,4,0,4,226.92307692307693,0.38461538461538464,0.6666666666666666,0,1,1,0,0,0,0,1,0,0,0,1,0,0,0,0,0,0,1,0,0
18,1124,1,3,4,97,3,1,4,1611,19305,1,15,3,3,0,0,5,4,0,0,0,0,1611.0,0.0,0.0,0,0,1,0,1,0,0,0,0,0,0,1,0,0,0,0,0,0,0,1,0
35,817,1,3,4,60,2,2,4,5363,10846,0,12,3,2,1,10,0,3,9,7,0,0,487.54545454545456,0.8181818181818182,0.0,0,1,1,0,0,0,1,0,0,0,0,1,0,0,0,0,0,0,1,0,0
46,150,2,4,4,60,3,2,4,7379,17433,2,11,3,3,1,12,3,2,6,3,1,4,567.6153846153846,0.46153846153846156,0.5714285714285714,0,1,1,0,0,0,0,0,1,1,0,0,0,1,0,0,0,0,0,0,0
42,269,2,3,4,56,2,1,1,2593,8007,0,11,3,3,1,10,4,3,9,6,7,8,235.72727272727272,0.8181818181818182,0.8,0,1,1,0,0,0,1,0,0,0,0,1,0,0,0,0,0,0,0,0,1
34,829,3,2,3,88,3,1,4,3737,2243,0,19,3,3,1,4,1,1,3,2,0,2,747.4,0.6,0.5,0,1,0,0,0,0,0,0,0,1,1,0,0,0,0,0,0,0,1,0,0
42,1059,9,2,4,93,2,5,4,19613,26362,8,22,4,4,0,24,2,3,1,0,0,1,784.52,0.04,0.5,0,1,1,0,0,0,0,1,0,1,0,0,1,0,0,0,0,0,0,1,0
53,868,8,3,1,73,3,4,4,11836,22789,5,14,3,3,1,28,3,3,2,0,2,2,408.13793103448273,0.06896551724137931,0.6666666666666666,0,1,0,1,0,1,0,0,0,1,0,0,0,0,0,0,1,0,1,0,0
30,1339,5,3,2,41,3,3,4,9419,8053,2,12,3,3,1,12,2,3,10,9,7,4,724.5384615384615,0.7692307692307693,0.36363636363636365,0,1,0,1,1,0,0,0,0,0,0,0,0,0,0,0,1,0,1,0,0
54,548,8,4,3,42,3,2,3,3780,23428,7,11,3,3,0,19,3,3,1,0,0,0,189.0,0.05,0.0,0,1,1,0,1,0,0,0,0,0,0,1,0,0,0,0,0,0,0,1,0
31,746,8,4,3,61,3,2,4,4424,20682,1,23,4,4,0,11,2,3,11,7,1,8,368.6666666666667,0.9166666666666666,0.6666666666666666,0,1,1,0,1,0,0,0,0,0,0,0,0,1,0,0,0,0,0,1,0
29,592,7,3,4,59,3,1,1,2062,19384,3,14,3,2,0,11,2,3,3,2,1,2,171.83333333333334,0.25,0.5,0,1,1,0,1,0,0,0,0,1,0,1,0,0,0,0,0,0,0,1,0
31,325,5,3,2,74,3,2,1,9936,3787,0,19,3,2,0,10,2,3,9,4,1,7,903.2727272727273,0.8181818181818182,0.7,0,0,1,0,0,0,1,0,0,1,0,0,0,1,0,0,0,0,0,1,0
31,1332,11,2,3,80,3,2,1,6833,17089,1,12,3,4,0,6,2,2,6,5,0,1,976.1428571428571,0.8571428571428571,0.14285714285714285,0,1,1,0,0,0,1,0,0,1,0,0,0,0,0,0,0,0,1,0,1
33,1303,7,2,4,36,3,2,3,5968,18079,1,20,4,3,3,9,2,3,9,7,2,8,596.8,0.9,0.8,1,0,1,0,1,0,0,0,0,1,0,0,0,0,0,0,0,0,0,0,0
20,129,4,3,1,84,3,1,1,2973,13008,1,19,3,2,0,1,2,3,1,0,0,0,1486.5,0.5,0.0,0,1,1,0,0,0,0,0,1,1,0,1,0,0,0,0,0,0,0,1,0
49,1245,18,4,4,58,2,5,3,19502,2125,1,17,3,3,1,31,5,3,31,9,0,9,609.4375,0.96875,0.28125,0,1,1,0,1,0,0,0,0,1,0,0,0,0,1,0,0,0,0,0,1
49,1261,7,3,2,31,2,3,3,10965,12066,8,24,4,3,0,26,2,3,5,2,0,0,406.1111111111111,0.18518518518518517,0.0,0,1,1,0,0,0,0,1,0,1,0,0,0,0,0,0,0,0,0,1,0
55,135,18,4,3,62,3,2,2,6385,12992,3,14,3,4,2,17,3,3,8,7,6,7,354.72222222222223,0.4444444444444444,0.7777777777777778,1,0,1,0,0,0,1,0,0,1,0,0,0,0,0,0,0,0,1,0,1
24,1127,18,1,2,52,3,1,3,2774,13257,0,12,3,3,1,6,2,3,5,3,1,2,396.2857142857143,0.7142857142857143,0.3333333333333333,0,1,1,0,1,0,0,0,0,1,0,1,0,0,0,0,0,0,1,0,0
58,601,7,4,3,53,2,3,1,10008,12023,7,14,3,4,0,31,0,2,10,9,5,9,312.75,0.3125,0.8181818181818182,0,1,1,0,0,0,1,0,0,0,0,0,0,1,0,0,0,0,1,0,1
33,654,5,3,4,34,2,3,4,7119,21214,4,15,3,3,1,9,2,3,3,2,1,2,711.9,0.3,0.5,0,1,1,0,1,0,0,0,0,1,0,0,0,0,0,0,0,0,0,0,0
37,1413,5,2,3,84,4,1,3,3500,25470,0,14,3,1,0,7,2,1,6,5,1,3,437.5,0.75,0.42857142857142855,0,0,1,0,0,0,0,0,1,1,0,1,0,0,0,0,0,0,0,1,0
37,290,21,3,2,65,4,1,1,3564,22977,1,12,3,1,1,8,3,2,8,7,1,7,396.0,0.8888888888888888,0.7777777777777778,0,1,1,0,1,0,0,0,0,1,0,0,0,0,0,1,0,0,1,0,1
24,1476,4,1,4,42,3,2,3,4162,15211,1,12,3,3,2,5,3,3,5,4,0,3,693.6666666666666,0.8333333333333334,0.5,0,1,0,1,0,0,1,0,0,0,0,0,0,0,0,0,1,0,1,0,1
58,390,1,4,4,32,1,2,3,5660,17056,2,13,3,4,1,12,2,3,5,3,1,2,435.38461538461536,0.38461538461538464,0.3333333333333333,0,0,1,0,1,0,0,0,0,1,0,0,0,0,0,0,0,0,0,0,1
32,1125,16,1,2,72,1,1,1,3919,4681,1,22,4,2,0,10,5,3,10,2,6,7,356.27272727272725,0.9090909090909091,0.6363636363636364,1,0,1,0,1,0,0,0,0,0,0,0,0,0,0,1,0,0,0,1,1
20,769,9,3,4,54,3,1,4,2323,17205,1,14,3,2,0,2,3,3,2,2,0,2,774.3333333333334,0.6666666666666666,0.6666666666666666,1,0,0,1,0,1,0,0,0,0,0,0,0,0,0,0,0,1,0,1,1
43,394,26,2,3,92,3,4,4,16959,19494,1,12,3,4,2,25,3,4,25,12,4,12,652.2692307692307,0.9615384615384616,0.46153846153846156,1,0,0,1,1,0,0,0,0,1,0,0,1,0,0,0,0,0,1,0,1
33,217,10,4,2,43,3,2,3,5487,10410,1,14,3,2,0,10,2,2,10,4,0,9,498.8181818181818,0.9090909090909091,0.8181818181818182,0,1,0,1,0,1,0,0,0,1,0,0,0,0,0,0,1,0,0,1,0
33,211,16,3,1,74,3,3,1,8564,10092,2,20,4,3,0,11,2,2,0,0,0,0,713.6666666666666,0.0,0.0,0,1,0,1,1,0,0,0,0,0,0,0,0,0,0,0,1,0,0,1,1
32,906,7,3,4,91,2,2,3,5484,16985,1,14,3,3,1,13,3,2,13,8,4,8,391.7142857142857,0.9285714285714286,0.5714285714285714,0,1,0,1,1,0,0,0,0,1,0,0,0,0,0,0,1,0,1,0,0
54,1050,11,4,2,87,3,4,4,16032,24456,3,20,4,1,1,26,2,3,14,9,1,12,593.7777777777778,0.5185185185185185,0.8,1,0,1,0,0,0,1,0,0,0,0,0,1,0,0,0,0,0,0,0,0
31,329,1,2,4,98,2,1,1,2218,16193,1,12,3,3,1,4,3,3,4,2,3,2,443.6,0.8,0.4,0,1,1,0,1,0,0,0,0,1,0,1,0,0,0,0,0,0,1,0,0
31,703,2,3,3,90,2,1,4,2785,11882,7,14,3,3,0,3,3,4,1,0,0,0,696.25,0.25,0.0,1,0,0,1,1,0,0,0,0,0,0,0,0,0,0,0,0,1,0,1,0
42,1210,2,3,3,68,2,1,2,4841,24052,4,14,3,2,1,4,3,3,1,0,0,0,968.2,0.2,0.0,0,1,1,0,0,0,1,0,0,1,0,1,0,0,0,0,0,0,1,0,0
42,419,12,4,2,77,3,2,4,5087,2900,3,12,3,3,2,14,4,3,0,0,0,0,339.1333333333333,0.0,0.0,0,1,0,1,0,1,0,0,0,1,0,0,0,0,0,0,1,0,0,0,1
55,836,8,3,4,33,3,4,3,14756,19730,2,14,3,3,3,21,2,3,5,0,0,2,670.7272727272727,0.22727272727272727,0.3333333333333333,0,1,1,0,0,0,1,0,0,0,0,0,1,0,0,0,0,0,0,0,1
33,1099,4,4,1,82,2,1,2,3838,8192,8,11,3,4,0,8,5,3,5,4,0,2,426.44444444444446,0.5555555555555556,0.3333333333333333,0,1,1,0,0,0,1,0,0,0,0,1,0,0,0,0,0,0,1,0,0
30,138,22,3,1,48,3,1,3,2132,11539,4,11,3,2,0,7,2,3,5,2,0,1,266.5,0.625,0.16666666666666666,0,1,1,0,1,0,0,0,0,0,0,0,0,0,0,1,0,0,1,0,1
56,906,6,3,3,86,4,4,1,13212,18256,9,11,3,4,3,36,0,2,7,7,7,7,357.0810810810811,0.1891891891891892,0.875,1,0,0,1,1,0,0,0,0,0,0,0,0,0,0,0,1,0,1,0,0
41,247,7,1,2,55,1,5,3,19973,20284,1,22,4,2,2,21,3,3,21,16,5,10,907.8636363636364,0.9545454545454546,0.45454545454545453,0,0,1,0,1,0,0,0,0,0,0,0,0,0,1,0,0,0,0,0,0
25,959,28,3,1,41,2,2,3,8639,24835,2,18,3,4,0,6,3,3,2,2,2,2,1234.142857142857,0.2857142857142857,0.6666666666666666,0,1,0,1,1,0,0,0,0,1,0,0,0,0,0,0,1,0,1,0,0
31,326,8,2,1,31,3,3,4,10793,8386,1,18,3,1,1,13,5,3,13,7,9,9,770.9285714285714,0.9285714285714286,0.6428571428571429,0,1,0,1,1,0,0,0,0,1,0,0,0,0,0,0,1,0,0,0,0
55,1441,22,3,1,94,2,1,2,3537,23737,5,12,3,4,1,8,1,3,4,2,1,2,393.0,0.4444444444444444,0.4,0,1,1,0,0,0,0,0,1,1,0,0,0,0,0,1,0,0,0,0,0
47,719,27,2,2,77,4,2,3,6397,10339,4,12,3,4,0,8,2,3,5,4,1,3,710.7777777777778,0.5555555555555556,0.5,1,0,0,1,1,0,0,0,0,0,0,0,0,0,0,0,1,0,0,1,1
52,771,2,4,1,79,2,5,3,19068,21030,1,18,3,4,0,33,2,4,33,7,15,12,560.8235294117648,0.9705882352941176,0.35294117647058826,0,0,0,1,1,0,0,0,0,1,0,0,1,0,0,0,0,0,0,1,1
52,1030,5,3,2,64,3,3,2,8446,21534,9,19,3,3,0,10,2,2,8,7,7,7,767.8181818181819,0.7272727272727273,0.7777777777777778,0,1,0,1,1,0,0,0,0,1,0,0,0,0,0,0,1,0,0,1,1
33,147,4,4,3,47,2,1,2,2622,13248,6,21,4,4,0,7,3,3,3,2,1,1,327.75,0.375,0.25,0,1,1,0,0,0,1,0,0,0,0,0,0,0,0,1,0,0,1,0,0
27,1469,1,2,4,82,3,1,2,3816,17881,1,11,3,2,1,5,2,3,5,2,0,4,636.0,0.8333333333333334,0.6666666666666666,0,1,1,0,0,0,1,0,0,1,0,1,0,0,0,0,0,0,0,0,0
35,1029,16,3,4,91,2,3,2,8606,21195,1,19,3,4,0,11,3,1,11,8,3,3,717.1666666666666,0.9166666666666666,0.25,0,1,1,0,1,0,0,0,0,0,0,0,0,0,0,0,0,0,0,1,0
19,528,22,1,4,50,3,1,3,1675,26820,1,19,3,4,0,0,2,2,0,0,0,0,1675.0,0.0,0.0,0,1,0,1,0,1,0,0,0,1,0,0,0,0,0,0,0,1,0,1,1
36,688,4,2,4,97,3,2,2,5131,9192,7,13,3,2,3,18,3,3,4,2,0,2,270.05263157894734,0.21052631578947367,0.4,1,0,1,0,1,0,0,0,0,0,0,0,0,1,0,0,0,0,0,0,0
45,950,28,3,4,97,3,1,4,2132,4585,4,20,4,4,1,8,3,3,5,4,0,3,236.88888888888889,0.5555555555555556,0.5,0,1,1,0,0,0,0,0,1,1,0,0,0,0,0,1,0,0,1,0,0
34,658,7,3,1,66,1,2,3,6074,22887,1,24,4,4,0,9,3,3,9,7,0,6,607.4,0.9,0.6,1,0,1,0,1,0,0,0,0,1,0,1,0,0,0,0,0,0,0,1,1
29,136,1,3,1,89,3,2,1,5373,6225,0,12,3,1,1,6,5,2,5,3,0,2,767.5714285714286,0.7142857142857143,0.3333333333333333,0,1,1,0,1,0,0,0,0,1,0,0,0,0,0,0,0,0,1,0,0
34,182,1,4,2,72,4,1,4,3280,13551,2,16,3,3,0,10,2,3,4,2,1,3,298.1818181818182,0.36363636363636365,0.6,0,1,1,0,1,0,0,0,0,0,0,0,0,0,0,1,0,0,0,1,0
41,796,4,1,3,81,3,3,3,10447,26458,0,13,3,4,1,23,3,4,22,14,13,5,435.2916666666667,0.9166666666666666,0.21739130434782608,0,1,0,1,0,1,0,0,0,0,0,0,0,0,0,0,1,0,0,0,1
31,741,2,4,2,69,3,1,3,3477,18103,1,14,3,4,1,6,2,4,5,2,0,3,496.7142857142857,0.7142857142857143,0.5,0,1,1,0,1,0,0,0,0,1,0,1,0,0,0,0,0,0,1,0,0
41,549,7,2,4,42,3,2,3,5003,23371,6,14,3,2,0,8,6,3,2,2,2,1,555.8888888888889,0.2222222222222222,0.3333333333333333,0,1,1,0,0,0,1,0,0,0,0,0,0,1,0,0,0,0,0,1,0
49,465,6,1,3,41,2,4,3,13966,11652,2,19,3,2,1,30,3,3,15,11,2,12,450.51612903225805,0.4838709677419355,0.75,0,1,1,0,1,0,0,0,0,0,0,0,0,0,0,0,0,0,1,0,1
32,689,9,2,4,35,1,2,4,4668,22812,0,17,3,4,3,9,2,4,8,7,0,7,466.8,0.8,0.7777777777777778,1,0,0,1,0,0,1,0,0,1,0,0,0,0,0,0,1,0,0,0,0
43,1422,2,4,1,92,3,2,4,5675,19246,1,20,4,3,1,7,5,3,7,7,7,7,709.375,0.875,0.875,1,0,0,1,1,0,0,0,0,1,0,0,0,0,0,0,1,0,1,0,0
40,1329,7,3,1,73,3,1,1,2166,3339,3,14,3,2,0,10,3,1,4,2,0,3,196.9090909090909,0.36363636363636365,0.6,0,1,1,0,1,0,0,0,0,1,0,1,0,0,0,0,0,0,0,1,1
28,821,5,4,1,98,3,2,4,4908,24252,1,14,3,2,0,4,3,3,4,2,0,2,981.6,0.8,0.4,0,1,0,1,0,0,1,0,0,1,0,0,0,0,0,0,1,0,0,1,0
36,676,1,3,3,35,3,2,2,5228,23361,0,15,3,1,1,10,2,3,9,7,0,5,475.27272727272725,0.8181818181818182,0.5,0,1,1,0,0,0,0,1,0,0,0,0,0,1,0,0,0,0,1,0,0
44,986,8,4,1,62,4,1,4,2818,5044,2,24,4,3,1,10,2,2,3,2,0,2,256.1818181818182,0.2727272727272727,0.5,0,1,1,0,1,0,0,0,0,1,0,1,0,0,0,0,0,0,1,0,1
36,311,7,3,1,77,3,1,2,2013,10950,2,11,3,3,0,15,4,3,4,3,1,3,125.8125,0.25,0.6,0,1,1,0,1,0,0,0,0,1,0,1,0,0,0,0,0,0,0,1,0
28,950,3,3,4,93,3,3,2,7655,8039,0,17,3,2,3,10,3,2,9,7,1,7,695.9090909090909,0.8181818181818182,0.7,0,1,1,0,0,0,1,0,0,0,0,0,0,1,0,0,0,0,0,0,0
21,156,12,3,3,90,4,1,2,2716,25422,1,15,3,4,0,1,0,3,1,0,0,0,1358.0,0.5,0.0,0,1,0,1,1,0,0,0,0,0,0,0,0,0,0,0,0,1,0,1,0
30,600,8,3,3,66,2,1,4,2180,9732,6,11,3,3,1,6,0,2,4,2,1,2,311.42857142857144,0.5714285714285714,0.4,1,0,0,0,0,0,0,0,0,0,1,0,0,0,0,0,0,0,0,0,0
26,1146,8,3,4,38,2,2,1,5326,3064,6,17,3,3,0,6,2,2,4,3,1,2,760.8571428571429,0.5714285714285714,0.4,0,1,0,1,0,0,0,0,1,1,0,0,0,0,0,0,1,0,0,1,0
40,1151,9,5,4,63,2,2,4,4876,14242,9,14,3,4,1,5,5,1,3,2,0,2,812.6666666666666,0.5,0.5,0,0,1,0,1,0,0,0,0,1,0,0,0,0,0,0,0,0,1,0,0
24,1269,4,1,1,46,2,1,4,3162,10778,0,17,3,4,0,6,2,2,5,2,3,4,451.7142857142857,0.7142857142857143,0.6666666666666666,0,0,1,0,1,0,0,0,0,1,0,1,0,0,0,0,0,0,1,0,0
35,1214,1,3,2,30,2,1,3,2859,26278,1,18,3,1,0,6,3,3,6,4,0,4,408.42857142857144,0.8571428571428571,0.5714285714285714,0,1,1,0,0,0,1,0,0,1,0,0,0,0,0,1,0,0,0,1,0
37,783,7,4,4,78,3,2,1,4284,13588,5,22,4,3,1,16,2,3,5,3,0,4,252.0,0.29411764705882354,0.6666666666666666,0,1,1,0,0,0,1,0,0,1,0,0,0,0,0,1,0,0,1,0,1
26,496,11,2,1,60,3,2,1,4741,22722,1,13,3,3,1,5,3,3,5,3,3,3,790.1666666666666,0.8333333333333334,0.5,1,0,1,0,0,0,1,0,0,1,0,0,0,0,0,0,0,0,1,0,1
46,669,9,2,3,64,2,3,4,9619,13596,1,16,3,4,0,9,3,3,9,8,4,7,961.9,0.9,0.7,0,1,0,1,0,0,1,0,0,1,0,0,0,0,0,0,1,0,0,1,0
28,866,5,3,4,84,3,2,1,8463,23490,0,18,3,4,0,6,4,3,5,4,1,3,1209.0,0.7142857142857143,0.5,0,1,0,1,0,0,1,0,0,1,0,0,0,0,0,0,1,0,0,1,0
29,806,7,3,2,39,3,1,3,3339,17285,3,13,3,1,2,10,2,3,7,7,7,7,303.54545454545456,0.6363636363636364,0.875,0,1,1,0,0,0,0,0,1,0,0,1,0,0,0,0,0,0,0,0,1
36,172,4,4,1,37,2,2,4,5810,22604,1,16,3,3,0,10,2,2,10,4,1,8,528.1818181818181,0.9090909090909091,0.7272727272727273,0,1,1,0,1,0,0,0,0,1,0,1,0,0,0,0,0,0,0,1,0
30,125,9,2,4,83,2,1,3,2206,16117,1,13,3,1,0,10,5,3,10,0,1,8,200.54545454545453,0.9090909090909091,0.7272727272727273,0,1,1,0,0,0,1,0,0,1,0,1,0,0,0,0,0,0,0,1,0
29,806,1,4,2,76,1,1,4,2720,18959,1,18,3,4,1,10,5,3,10,7,2,8,247.27272727272728,0.9090909090909091,0.7272727272727273,1,0,1,0,1,0,0,0,0,1,0,0,0,0,0,1,0,0,0,0,0
29,726,29,1,4,93,1,2,3,6384,21143,8,17,3,4,2,11,3,3,7,0,1,6,532.0,0.5833333333333334,0.75,0,1,1,0,1,0,0,0,0,1,0,0,0,0,0,0,0,0,0,0,0
34,1333,10,4,3,87,3,1,3,2220,18410,1,19,3,4,1,1,2,3,1,1,0,0,1110.0,0.5,0.0,0,1,0,1,1,0,0,0,0,0,0,0,0,0,0,0,0,1,1,0,1
32,859,4,3,3,98,2,2,3,6162,19124,1,12,3,3,1,14,3,3,14,13,6,8,410.8,0.9333333333333333,0.5333333333333333,0,1,1,0,1,0,0,0,0,0,0,0,0,1,0,0,0,0,1,0,0
42,544,2,1,3,52,3,1,3,2696,24017,0,11,3,3,1,4,5,3,3,2,1,0,539.2,0.6,0.0,0,1,0,0,0,0,0,0,1,1,1,0,0,0,0,0,0,0,0,0,1
30,911,1,2,4,76,3,1,2,3748,4077,1,13,3,3,0,12,6,2,12,8,1,7,288.3076923076923,0.9230769230769231,0.5384615384615384,0,1,1,0,0,0,1,0,0,1,0,1,0,0,0,0,0,0,1,0,0
48,163,2,5,2,37,3,2,4,4051,19658,2,14,3,1,1,14,2,3,9,7,6,7,270.06666666666666,0.6,0.7,0,1,0,1,0,1,0,0,0,0,0,0,0,0,0,0,1,0,1,0,0
38,371,2,3,4,45,3,1,4,3944,4306,5,11,3,3,0,6,3,3,3,2,1,2,563.4285714285714,0.42857142857142855,0.5,0,1,1,0,1,0,0,0,0,1,0,0,0,0,0,1,0,0,0,1,1
32,128,2,1,4,84,2,2,1,2176,19737,4,13,3,4,0,9,5,3,6,2,0,4,217.6,0.6,0.5714285714285714,0,1,1,0,0,0,0,0,1,1,0,1,0,0,0,0,0,0,0,1,0
35,1232,16,3,3,96,3,3,2,8020,5100,0,15,3,3,2,12,3,2,11,9,6,9,616.9230769230769,0.8461538461538461,0.75,0,1,0,1,0,1,0,0,0,1,0,0,0,0,0,0,1,0,1,0,0
44,528,1,3,3,44,3,1,4,3195,4167,4,18,3,1,3,8,2,3,2,2,2,2,355.0,0.2222222222222222,0.6666666666666666,0,1,0,0,1,0,0,0,0,0,1,0,0,0,0,0,0,0,0,0,1
57,405,1,2,2,93,4,2,3,4900,2721,0,24,4,1,1,13,2,2,12,9,2,8,350.0,0.8571428571428571,0.6153846153846154,0,1,1,0,1,0,0,0,0,1,0,0,0,0,0,1,0,0,1,0,0
34,181,2,4,4,97,4,1,4,2932,5586,0,14,3,1,3,6,3,3,5,0,1,2,418.85714285714283,0.7142857142857143,0.3333333333333333,0,1,1,0,0,0,1,0,0,1,0,0,0,0,0,1,0,0,1,0,1
49,1184,11,3,3,43,3,3,4,7654,5860,1,18,3,1,2,9,3,4,9,8,7,7,765.4,0.9,0.7,0,1,0,1,0,1,0,0,0,0,0,0,0,0,0,0,1,0,1,0,0
38,573,6,3,2,79,1,2,4,5329,15717,7,12,3,4,3,17,3,3,13,11,1,9,296.05555555555554,0.7222222222222222,0.6428571428571429,0,0,1,0,0,0,1,0,0,0,0,0,0,0,0,1,0,0,0,0,1
40,989,4,1,4,46,3,5,3,19033,6499,1,14,3,2,1,21,2,3,20,8,9,9,865.1363636363636,0.9090909090909091,0.42857142857142855,0,1,1,0,0,0,1,0,0,0,0,0,1,0,0,0,0,0,1,0,0
53,1223,7,2,4,50,3,5,3,18606,18640,3,18,3,2,1,26,6,3,7,7,4,7,689.1111111111111,0.25925925925925924,0.875,0,1,1,0,0,0,1,0,0,0,0,0,1,0,0,0,0,0,0,0,0
29,1283,23,3,4,54,3,1,4,2201,18168,9,16,3,4,0,6,4,3,3,2,1,2,314.42857142857144,0.42857142857142855,0.5,0,1,1,0,1,0,0,0,0,1,0,0,0,0,0,1,0,0,0,1,0
44,429,1,2,3,99,3,1,2,2342,11092,1,12,3,3,3,6,2,2,5,3,2,3,334.57142857142856,0.7142857142857143,0.5,1,0,1,0,0,0,1,0,0,1,0,0,0,0,0,1,0,0,0,0,1
33,1111,5,1,2,61,3,2,4,9998,19293,6,13,3,1,0,8,2,4,5,4,1,2,1110.888888888889,0.5555555555555556,0.3333333333333333,1,0,0,1,1,0,0,0,0,1,0,0,0,0,0,0,1,0,1,0,0
44,477,7,4,1,42,2,3,4,10248,2094,3,14,3,4,1,24,4,3,22,6,5,17,409.92,0.88,0.7391304347826086,0,1,1,0,0,0,1,0,0,0,0,0,0,0,0,0,0,0,1,0,0
33,575,25,3,4,44,2,2,2,4320,24152,1,13,3,4,0,5,2,3,5,3,0,2,720.0,0.8333333333333334,0.3333333333333333,0,1,1,0,1,0,0,0,0,1,0,0,0,1,0,0,0,0,0,1,0
27,1337,22,3,1,58,2,1,2,2863,19555,1,12,3,1,0,1,2,3,1,0,0,0,1431.5,0.5,0.0,1,0,0,0,0,0,0,0,0,0,1,0,0,0,0,0,0,0,1,0,0
29,991,5,3,1,43,2,2,2,4187,3356,1,13,3,2,1,10,3,2,10,0,0,9,380.6363636363636,0.9090909090909091,0.8181818181818182,0,1,0,1,0,0,1,0,0,1,0,0,0,0,0,0,1,0,0,0,1
18,287,5,2,2,73,3,1,4,1051,13493,1,15,3,4,0,0,2,3,0,0,0,0,1051.0,0.0,0.0,0,0,1,0,1,0,0,0,0,1,0,0,0,0,0,1,0,0,0,1,0
43,531,4,4,4,56,2,3,4,10231,20364,3,14,3,4,0,23,3,4,21,7,15,17,426.2916666666667,0.875,0.7727272727272727,0,1,0,1,0,1,0,0,0,0,0,0,0,0,0,0,1,0,0,1,0
29,232,19,3,4,34,3,2,4,4262,22645,4,12,3,2,2,8,2,4,3,2,1,2,473.55555555555554,0.3333333333333333,0.5,0,1,1,0,0,0,0,0,1,1,0,0,0,1,0,0,0,0,0,0,0
32,498,3,4,3,93,3,2,1,6725,13554,1,12,3,3,1,8,2,4,8,7,6,3,747.2222222222222,0.8888888888888888,0.3333333333333333,0,1,1,0,0,0,1,0,0,0,0,0,0,1,0,0,0,0,1,0,0
50,410,28,3,4,39,2,3,1,10854,16586,4,13,3,2,1,20,3,3,3,2,2,0,516.8571428571429,0.14285714285714285,0.0,0,1,0,1,0,1,0,0,0,1,0,0,0,0,0,0,1,0,0,0,1
31,1060,1,3,4,54,3,1,2,2302,8319,1,11,3,1,0,3,2,4,3,2,2,2,575.5,0.75,0.5,1,0,0,1,1,0,0,0,0,0,0,0,0,0,0,0,0,1,0,1,1
40,1194,1,3,3,52,3,2,4,6513,9060,4,17,3,4,1,12,3,3,5,3,0,3,501.0,0.38461538461538464,0.5,0,1,1,0,1,0,0,0,0,0,0,0,0,0,0,0,0,0,0,0,0
30,288,2,3,3,99,2,2,4,4152,15830,1,19,3,1,3,11,3,3,11,10,10,8,346.0,0.9166666666666666,0.6666666666666666,0,1,1,0,1,0,0,0,0,1,0,0,0,0,0,0,0,0,1,0,0
31,249,6,4,2,76,1,2,3,6172,20739,4,18,3,2,0,12,3,2,7,7,7,7,474.7692307692308,0.5384615384615384,0.875,0,1,0,1,1,0,0,0,0,1,0,0,0,0,0,0,1,0,1,0,1
35,670,10,4,1,51,3,2,3,6142,4223,3,16,3,3,0,10,4,3,5,2,0,4,558.3636363636364,0.45454545454545453,0.6666666666666666,0,1,1,0,0,0,1,0,0,0,0,0,0,0,0,0,0,0,0,1,1
34,1397,1,5,2,42,3,1,4,2691,7660,1,12,3,4,1,10,4,2,10,9,8,8,244.63636363636363,0.9090909090909091,0.7272727272727273,0,1,1,0,1,0,0,0,0,1,0,0,0,0,0,1,0,0,1,0,0
28,1476,1,3,3,55,1,2,4,6674,16392,0,11,3,1,3,10,6,3,9,8,7,5,606.7272727272727,0.8181818181818182,0.5,0,0,1,0,1,0,0,0,0,0,0,1,0,0,0,0,0,0,1,0,0
40,663,9,4,3,81,3,2,3,3975,23099,3,11,3,3,2,11,2,4,8,7,0,7,331.25,0.6666666666666666,0.7777777777777778,0,0,1,0,0,0,0,1,0,1,0,1,0,0,0,0,0,0,0,0,0
46,563,1,4,4,56,4,4,1,17567,3156,1,15,3,2,0,27,5,1,26,0,0,12,627.3928571428571,0.9285714285714286,0.4444444444444444,0,1,0,1,1,0,0,0,0,1,0,0,1,0,0,0,0,0,0,1,0
26,933,1,3,3,57,3,2,3,5296,20156,1,17,3,2,1,8,3,3,8,7,7,7,588.4444444444445,0.8888888888888888,0.7777777777777778,0,1,0,1,1,0,0,0,0,1,0,0,0,0,0,0,1,0,1,0,0
30,979,15,2,3,94,2,3,1,7140,3088,2,11,3,1,1,12,2,3,7,7,1,7,549.2307692307693,0.5384615384615384,0.875,0,1,0,1,0,1,0,0,0,1,0,0,0,0,0,0,1,0,0,0,0
35,622,14,4,3,39,2,1,2,3743,10074,1,24,4,4,1,5,2,1,4,2,0,2,623.8333333333334,0.6666666666666666,0.4,0,1,1,0,0,0,0,1,0,1,0,1,0,0,0,0,0,0,0,0,1
32,1033,9,3,1,41,3,1,1,4200,10224,7,22,4,1,0,10,2,4,5,4,0,4,381.8181818181818,0.45454545454545453,0.6666666666666666,0,1,1,0,0,0,1,0,0,0,0,1,0,0,0,0,0,0,0,1,0
30,1176,20,3,3,85,3,2,1,9957,9096,0,15,3,3,1,7,1,2,6,2,0,2,1244.625,0.75,0.2857142857142857,0,1,1,0,0,0,0,1,0,1,0,0,0,1,0,0,0,0,1,0,0
34,810,8,2,2,92,4,2,3,6799,22128,1,21,4,3,2,10,5,3,10,8,4,8,618.0909090909091,0.9090909090909091,0.7272727272727273,0,1,0,1,0,0,0,0,1,1,0,0,0,0,0,0,1,0,1,0,0
35,195,1,3,1,80,3,2,3,4859,6698,1,16,3,4,0,5,3,3,5,4,0,3,809.8333333333334,0.8333333333333334,0.5,0,1,0,1,0,0,1,0,0,0,0,0,0,0,0,0,1,0,0,1,0
40,444,2,2,2,92,3,2,2,5677,4258,3,14,3,3,1,15,4,3,11,8,5,10,354.8125,0.6875,0.8333333333333334,0,1,0,1,0,1,0,0,0,0,0,0,0,0,0,0,1,0,1,0,0
34,790,24,4,1,40,2,2,2,4599,7815,0,23,4,3,0,16,2,4,15,9,10,10,270.52941176470586,0.8823529411764706,0.625,0,1,0,1,0,0,1,0,0,0,0,0,0,0,0,0,1,0,0,1,1
38,1206,9,2,2,71,3,1,4,4771,14293,2,19,3,4,2,10,0,4,5,2,0,3,433.72727272727275,0.45454545454545453,0.5,0,1,1,0,1,0,0,0,0,1,0,0,0,0,0,1,0,0,0,0,0
30,634,17,4,2,95,3,3,1,11916,25927,1,23,4,4,2,9,2,3,9,1,0,8,1191.6,0.9,0.8,0,1,1,0,0,0,1,0,0,0,0,0,1,0,0,0,0,0,1,0,1
46,1125,10,3,3,94,2,3,4,9071,11563,2,19,3,3,1,15,3,3,3,2,1,2,566.9375,0.1875,0.5,0,1,0,1,0,1,0,0,0,0,0,0,0,0,0,0,1,0,1,0,1
51,1469,8,4,2,81,2,3,2,12490,15736,5,16,3,4,2,16,5,1,10,9,4,7,734.7058823529412,0.5882352941176471,0.6363636363636364,0,1,1,0,1,0,0,0,0,1,0,0,0,0,1,0,0,0,1,0,0
23,310,10,1,1,79,4,1,3,3505,19630,1,18,3,4,0,2,3,3,2,2,0,2,1168.3333333333333,0.6666666666666666,0.6666666666666666,0,1,1,0,0,0,1,0,0,1,0,0,0,0,0,1,0,0,0,1,0
55,692,14,4,3,61,4,5,2,18722,13339,8,11,3,4,0,36,3,3,24,15,2,15,506.0,0.6486486486486487,0.6,0,1,1,0,0,0,1,0,0,1,0,0,0,0,1,0,0,0,0,1,0
46,1277,2,3,3,74,3,3,4,10368,5596,4,12,3,2,1,13,5,2,10,6,0,3,740.5714285714286,0.7142857142857143,0.2727272727272727,0,1,0,1,1,0,0,0,0,1,0,0,0,0,0,0,1,0,0,0,1
30,438,18,3,1,75,3,1,3,2632,23910,1,14,3,3,0,5,4,2,5,4,0,4,438.6666666666667,0.8333333333333334,0.6666666666666666,0,1,1,0,1,0,0,0,0,0,0,0,0,0,0,1,0,0,0,1,0
58,1216,15,4,1,87,3,4,3,15787,21624,2,14,3,2,0,23,3,3,2,2,2,2,657.7916666666666,0.08333333333333333,0.6666666666666666,1,0,1,0,1,0,0,0,0,1,0,0,0,0,1,0,0,0,1,0,1
51,942,3,3,1,53,3,3,3,13116,22984,2,11,3,4,0,15,2,3,2,2,2,2,819.75,0.125,0.6666666666666666,0,1,1,0,0,0,0,0,1,0,0,0,1,0,0,0,0,0,1,0,0
42,1474,5,2,2,97,3,1,3,2093,9260,4,17,3,4,1,8,4,3,2,2,2,0,232.55555555555554,0.2222222222222222,0.0,1,0,1,0,0,0,0,1,0,1,0,1,0,0,0,0,0,0,1,0,0
31,691,7,3,4,73,3,2,4,7547,7143,4,12,3,4,3,13,3,3,7,7,1,7,539.0714285714286,0.5,0.875,0,1,0,1,0,1,0,0,0,1,0,0,0,0,0,0,1,0,0,0,0
34,1440,7,2,2,55,3,1,3,2308,4944,0,25,4,2,1,12,4,3,11,10,5,7,177.53846153846155,0.8461538461538461,0.5833333333333334,0,1,0,1,0,0,0,0,1,1,0,0,0,0,0,0,0,1,1,0,1
60,422,7,3,1,41,3,5,1,19566,3854,5,11,3,4,0,33,5,1,29,8,11,10,575.4705882352941,0.8529411764705882,0.3333333333333333,0,1,1,0,1,0,0,0,0,0,0,0,1,0,0,0,0,0,1,0,0
37,1462,11,3,1,94,3,1,3,3629,19106,4,18,3,1,0,8,6,3,3,2,0,2,403.22222222222223,0.3333333333333333,0.5,0,1,1,0,0,0,1,0,0,0,0,1,0,0,0,0,0,0,0,1,0
35,682,18,4,2,71,3,2,1,5561,15975,0,16,3,4,1,6,2,1,5,3,0,4,794.4285714285714,0.7142857142857143,0.6666666666666666,0,1,0,1,0,0,1,0,0,1,0,0,0,0,0,0,1,0,1,0,0
46,1144,7,4,3,30,3,2,3,5258,16044,2,14,3,3,0,7,2,4,1,0,0,0,657.25,0.125,0.0,0,0,1,0,0,0,1,0,0,0,0,0,0,1,0,0,0,0,1,0,0
23,427,7,3,3,99,3,1,4,2275,25103,1,21,4,2,1,3,2,3,3,2,0,2,568.75,0.75,0.5,0,1,0,1,1,0,0,0,0,1,0,0,0,0,0,0,0,1,0,0,1
38,1009,2,2,2,31,3,2,1,6893,19461,3,15,3,4,1,11,3,3,7,7,1,7,574.4166666666666,0.5833333333333334,0.875,0,1,0,1,1,0,0,0,0,0,0,0,0,0,0,0,1,0,0,0,0
22,217,8,1,2,94,1,1,1,2451,6881,1,15,3,1,1,4,3,2,4,3,1,1,490.2,0.8,0.2,0,1,1,0,1,0,0,0,0,1,0,1,0,0,0,0,0,0,1,0,0
36,430,2,4,4,73,3,2,2,6962,19573,4,22,4,4,1,15,2,3,1,0,0,0,435.125,0.0625,0.0,0,1,1,0,0,0,0,1,0,0,0,0,0,0,0,1,0,0,1,0,1
39,766,20,3,3,83,3,2,4,4127,19188,2,18,3,4,1,7,6,3,2,1,2,2,515.875,0.25,0.6666666666666666,1,0,0,1,1,0,0,0,0,1,0,0,0,0,0,0,1,0,0,0,0
